rank,model,file,source,rig,is_5128,variant,used_for_scoring,url
1,Sennheiser HD 480 Pro,curves/001-sennheiser-hd-480-pro/EarphonesArchive__BK5128__center.csv,Earphones Archive,B&K 5128,True,样本1 居中佩戴，原装耳垫，L/R 平均,True,https://earphonesarchive.squig.link/headphones/data/Sennheiser%20HD480%20Pro%20(center)%20L.txt
1,Sennheiser HD 480 Pro,curves/001-sennheiser-hd-480-pro/EarphonesArchive__BK5128__s2.csv,Earphones Archive,B&K 5128,True,样本2，原装耳垫，L/R 平均,True,https://earphonesarchive.squig.link/headphones/data/Sennheiser%20HD480%20Pro%20(sample%202)%20L.txt
1,Sennheiser HD 480 Pro,curves/001-sennheiser-hd-480-pro/EarphonesArchive__BK5128__s3_center.csv,Earphones Archive,B&K 5128,True,样本3 居中，L/R 平均,True,https://earphonesarchive.squig.link/headphones/data/Sennheiser%20HD480%20Pro%20(sample%203%20-%20center)%20L.txt
1,Sennheiser HD 480 Pro,curves/001-sennheiser-hd-480-pro/EarphonesArchive__BK5128__s4_center.csv,Earphones Archive,B&K 5128,True,样本4 居中，L/R 平均,True,https://earphonesarchive.squig.link/headphones/data/Sennheiser%20HD480%20Pro%20(sample%204%20-%20center)%20L.txt
1,Sennheiser HD 480 Pro,curves/001-sennheiser-hd-480-pro/EarphonesArchive__BK5128__back.csv,Earphones Archive,B&K 5128,True,样本1 后移佩戴，L/R 平均,False,https://earphonesarchive.squig.link/headphones/data/Sennheiser%20HD480%20Pro%20(back)%20L.txt
1,Sennheiser HD 480 Pro,curves/001-sennheiser-hd-480-pro/EarphonesArchive__BK5128__front.csv,Earphones Archive,B&K 5128,True,样本1 前移佩戴，L/R 平均,False,https://earphonesarchive.squig.link/headphones/data/Sennheiser%20HD480%20Pro%20(front)%20L.txt
1,Sennheiser HD 480 Pro,curves/001-sennheiser-hd-480-pro/EarphonesArchive__BK5128__up.csv,Earphones Archive,B&K 5128,True,样本1 上移佩戴，L/R 平均,False,https://earphonesarchive.squig.link/headphones/data/Sennheiser%20HD480%20Pro%20(up)%20L.txt
1,Sennheiser HD 480 Pro,curves/001-sennheiser-hd-480-pro/EarphonesArchive__BK5128__down.csv,Earphones Archive,B&K 5128,True,样本1 下移佩戴，L/R 平均,False,https://earphonesarchive.squig.link/headphones/data/Sennheiser%20HD480%20Pro%20(down)%20L.txt
1,Sennheiser HD 480 Pro,curves/001-sennheiser-hd-480-pro/EarphonesArchive__BK5128__s3_back.csv,Earphones Archive,B&K 5128,True,样本3 后移，L/R 平均,False,https://earphonesarchive.squig.link/headphones/data/Sennheiser%20HD480%20Pro%20(sample%203%20-%20back)%20L.txt
1,Sennheiser HD 480 Pro,curves/001-sennheiser-hd-480-pro/EarphonesArchive__BK5128__s3_front.csv,Earphones Archive,B&K 5128,True,样本3 前移，L/R 平均,False,https://earphonesarchive.squig.link/headphones/data/Sennheiser%20HD480%20Pro%20(sample%203%20-%20front)%20L.txt
1,Sennheiser HD 480 Pro,curves/001-sennheiser-hd-480-pro/EarphonesArchive__BK5128__s3_up.csv,Earphones Archive,B&K 5128,True,样本3 上移，L/R 平均,False,https://earphonesarchive.squig.link/headphones/data/Sennheiser%20HD480%20Pro%20(sample%203%20-%20up)%20L.txt
1,Sennheiser HD 480 Pro,curves/001-sennheiser-hd-480-pro/EarphonesArchive__BK5128__s3_down.csv,Earphones Archive,B&K 5128,True,样本3 下移，L/R 平均,False,https://earphonesarchive.squig.link/headphones/data/Sennheiser%20HD480%20Pro%20(sample%203%20-%20down)%20L.txt
1,Sennheiser HD 480 Pro,curves/001-sennheiser-hd-480-pro/EarphonesArchive__BK5128__s2_490MixPad.csv,Earphones Archive,B&K 5128,True,样本2 换 HD 490 Pro Mixing 耳垫（非原装），L/R 平均,False,https://earphonesarchive.squig.link/headphones/data/Sennheiser%20HD480%20Pro%20(sample%202%20-%20HD490%20Pro%20Mixing%20Pad)%20L.txt
1,Sennheiser HD 480 Pro,curves/001-sennheiser-hd-480-pro/EarphonesArchive__BK5128__s2_490ProdPad.csv,Earphones Archive,B&K 5128,True,样本2 换 HD 490 Pro Producing 耳垫（非原装），L/R 平均,False,https://earphonesarchive.squig.link/headphones/data/Sennheiser%20HD480%20Pro%20(sample%202%20-%20HD490%20Pro%20Producing%20Pad)%20L.txt
1,Sennheiser HD 480 Pro,curves/001-sennheiser-hd-480-pro/SuperReview__711clone.csv,Super* Review (squig.link),IEC 711 clone + KB006x ear,False,单样本，L1-3/R1-3 共 6 条平均,False,https://squig.link/headphones/data/Sennheiser%20HD%20480%20Pro%20L1.txt
2,Sennheiser HD 480 Pro Plus,curves/002-sennheiser-hd-480-pro-plus/EarphonesArchive__BK5128__std-center.csv,Earphones Archive,B&K 5128,True,标准版 HD 480 Pro 样本1 居中（Plus 仅配件不同，官网声学规格相同），L/R 平均,True,https://earphonesarchive.squig.link/headphones/data/Sennheiser%20HD480%20Pro%20(center)%20L.txt
2,Sennheiser HD 480 Pro Plus,curves/002-sennheiser-hd-480-pro-plus/EarphonesArchive__BK5128__std-s2.csv,Earphones Archive,B&K 5128,True,标准版样本2，L/R 平均,True,https://earphonesarchive.squig.link/headphones/data/Sennheiser%20HD480%20Pro%20(sample%202)%20L.txt
2,Sennheiser HD 480 Pro Plus,curves/002-sennheiser-hd-480-pro-plus/EarphonesArchive__BK5128__std-s3_center.csv,Earphones Archive,B&K 5128,True,标准版样本3 居中，L/R 平均,True,https://earphonesarchive.squig.link/headphones/data/Sennheiser%20HD480%20Pro%20(sample%203%20-%20center)%20L.txt
2,Sennheiser HD 480 Pro Plus,curves/002-sennheiser-hd-480-pro-plus/EarphonesArchive__BK5128__std-s4_center.csv,Earphones Archive,B&K 5128,True,标准版样本4 居中，L/R 平均,True,https://earphonesarchive.squig.link/headphones/data/Sennheiser%20HD480%20Pro%20(sample%204%20-%20center)%20L.txt
2,Sennheiser HD 480 Pro Plus,curves/002-sennheiser-hd-480-pro-plus/SuperReview__711clone__std.csv,Super* Review (squig.link),IEC 711 clone + KB006x ear,False,标准版单样本，L1-3/R1-3 共 6 条平均,False,https://squig.link/headphones/data/Sennheiser%20HD%20480%20Pro%20L1.txt
3,Austrian Audio Hi-X60,curves/003-austrian-audio-hi-x60/EarphonesArchive__BK5128__LRavg.csv,Earphones Archive,B&K 5128,True,居中佩戴位，L/R 平均,True,https://earphonesarchive.squig.link/headphones/data/Austrian%20Audio%20Hi-X60%20(center)%20L.txt
3,Austrian Audio Hi-X60,curves/003-austrian-audio-hi-x60/oratory1990__GRAS43AG7.csv,oratory1990,GRAS 43AG-7,False,原装耳垫,False,https://github.com/jaakkopasanen/AutoEq/blob/master/measurements/oratory1990/data/over-ear/Austrian%20Audio%20Hi-X60.csv
3,Austrian Audio Hi-X60,curves/003-austrian-audio-hi-x60/Filk__IEC711clone_KB006x.csv,Filk,IEC 711 clone + KB006x,False,原装耳垫,False,https://github.com/jaakkopasanen/AutoEq/blob/master/measurements/Filk/data/over-ear/Austrian%20Audio%20Hi-X60.csv
3,Austrian Audio Hi-X60,curves/003-austrian-audio-hi-x60/SuperReview__unspecified.csv,Super Review,未注明,False,原装耳垫,False,https://github.com/jaakkopasanen/AutoEq/blob/master/measurements/Super%20Review/data/over-ear/Austrian%20Audio%20Hi-X60.csv
4,Beyerdynamic DT 1770 Pro MkII,curves/004-beyerdynamic-dt-1770-pro-mkii/EarphonesArchive__BK5128__velour_LRavg.csv,Earphones Archive,B&K 5128,True,MkII 30Ω，天鹅绒耳垫，居中佩戴位，L/R 平均,True,https://earphonesarchive.squig.link/headphones/data/Beyerdynamic%20DT%201770%20PRO%20MKII%20(Velour%20Pads)%20(center)%20L.txt
4,Beyerdynamic DT 1770 Pro MkII,curves/004-beyerdynamic-dt-1770-pro-mkii/EarphonesArchive__BK5128__leather_Ronly.csv,Earphones Archive,B&K 5128,True,MkII，皮质耳垫，居中佩戴位，只有 R 声道（L 文件 404）,True,https://earphonesarchive.squig.link/headphones/data/Beyerdynamic%20DT%201770%20PRO%20MKII%20(Leather%20Pads)%20(center)%20R.txt
4,Beyerdynamic DT 1770 Pro MkII,curves/004-beyerdynamic-dt-1770-pro-mkii/GadgetryTech__KB006x__velour_LRavg.csv,GadgetryTech,KB006x 仿制耳廓（耦合器未注明）,False,MkII，天鹅绒耳垫，L/R 平均,False,https://gadgetrytech.squig.link/headsets/data/beyerdynamic%20DT%201770%20Pro%20MKII%20(Velour%20Pad)%20L.txt
4,Beyerdynamic DT 1770 Pro MkII,curves/004-beyerdynamic-dt-1770-pro-mkii/GadgetryTech__KB006x__leatherette_LRavg.csv,GadgetryTech,KB006x 仿制耳廓（耦合器未注明）,False,MkII，皮质耳垫，L/R 平均,False,https://gadgetrytech.squig.link/headsets/data/beyerdynamic%20DT%201770%20Pro%20MKII%20(Leatherette%20Pad)%20L.txt
4,Beyerdynamic DT 1770 Pro MkII,curves/004-beyerdynamic-dt-1770-pro-mkii/oratory1990__GRAS43AG7__proxy_MkI_leatherette.csv,oratory1990,GRAS 43AG-7,False,代理：DT 1770 Pro MkI（250Ω），关系证据：MkII 是同名系列改款，外壳和耳垫形式相同，但阻抗和调音已改；皮质耳垫,False,https://github.com/jaakkopasanen/AutoEq/blob/master/measurements/oratory1990/data/over-ear/Beyerdynamic%20DT%201770%20(leatherette%20earpads).csv
4,Beyerdynamic DT 1770 Pro MkII,curves/004-beyerdynamic-dt-1770-pro-mkii/oratory1990__GRAS43AG7__proxy_MkI_velour.csv,oratory1990,GRAS 43AG-7,False,代理：DT 1770 Pro MkI（250Ω），关系证据：同名系列前代；天鹅绒耳垫,False,https://github.com/jaakkopasanen/AutoEq/blob/master/measurements/oratory1990/data/over-ear/Beyerdynamic%20DT%201770%20(velour%20earpads).csv
4,Beyerdynamic DT 1770 Pro MkII,curves/004-beyerdynamic-dt-1770-pro-mkii/Rtings__HMSII3__proxy_MkI_velour.csv,RTINGS,Head Acoustics HMS II.3,False,代理：DT 1770 Pro MkI，关系证据：同名系列前代；天鹅绒耳垫,False,https://github.com/jaakkopasanen/AutoEq/blob/master/measurements/Rtings/data/over-ear/HMS%20II.3/Beyerdynamic%20DT%201770%20(velour%20earpads).csv
5,Sony MDR-M1,curves/005-sony-mdr-m1/Kuulokenurkka__KB501x711.csv,Kuulokenurkka,KB501x + IEC 711 clone,False,单一版本（AutoEq 已处理的曲线）,True,https://github.com/jaakkopasanen/AutoEq/blob/master/measurements/Kuulokenurkka/data/over-ear/Sony%20MDR-M1.csv
5,Sony MDR-M1,curves/005-sony-mdr-m1/GadgetryTech__KB006x.csv,GadgetryTech squig,KB006x 耳廓仿制件（耦合器未注明）,False,L/R 平均,True,https://gadgetrytech.squig.link/headsets/data/Sony%20MDR-M1%20L.txt
5,Sony MDR-M1,curves/005-sony-mdr-m1/HuFi__unspecified__L_only.csv,Hu-Fi squig,未注明,False,仅 L 声道（R 返回 404）,False,https://hu-fi.squig.link/data/Sony%20MDR-M1%20L.txt
6,Beyerdynamic DT 1770 Pro,curves/006-beyerdynamic-dt-1770-pro/EarphonesArchive__BK5128__MKII_velour_center.csv,Earphones Archive squig,B&K 5128,True,MKII 绒布垫，居中佩戴，L/R 平均,True,https://earphonesarchive.squig.link/headphones/data/Beyerdynamic%20DT%201770%20PRO%20MKII%20(Velour%20Pads)%20(center)%20L.txt
6,Beyerdynamic DT 1770 Pro,curves/006-beyerdynamic-dt-1770-pro/EarphonesArchive__BK5128__MKII_leather_center.csv,Earphones Archive squig,B&K 5128,True,MKII 皮垫，居中佩戴，只有 R 声道（L 返回 404）,True,https://earphonesarchive.squig.link/headphones/data/Beyerdynamic%20DT%201770%20PRO%20MKII%20(Leather%20Pads)%20(center)%20R.txt
6,Beyerdynamic DT 1770 Pro,curves/006-beyerdynamic-dt-1770-pro/GadgetryTech__KB006x__MKII_velour.csv,GadgetryTech squig,KB006x 耳廓仿制件（耦合器未注明）,False,MKII 绒布垫，L/R 平均,False,https://gadgetrytech.squig.link/headsets/data/beyerdynamic%20DT%201770%20Pro%20MKII%20(Velour%20Pad)%20L.txt
6,Beyerdynamic DT 1770 Pro,curves/006-beyerdynamic-dt-1770-pro/GadgetryTech__KB006x__MKII_leather.csv,GadgetryTech squig,KB006x 耳廓仿制件（耦合器未注明）,False,MKII 皮垫，L/R 平均,False,https://gadgetrytech.squig.link/headsets/data/beyerdynamic%20DT%201770%20Pro%20MKII%20(Leatherette%20Pad)%20L.txt
6,Beyerdynamic DT 1770 Pro,curves/006-beyerdynamic-dt-1770-pro/Exound__unspecified__MKII_velour.csv,exound squig,未注明,False,MKII 30Ω 绒布垫，L/R 平均,False,https://exound.squig.link/data/Beyerdynamic%20DT1770%20Pro%20MK2%20Velour%20L.txt
6,Beyerdynamic DT 1770 Pro,curves/006-beyerdynamic-dt-1770-pro/oratory1990__GRAS43AG__MK1_velour.csv,oratory1990,GRAS 43AG-7,False,初代 250Ω，绒布垫,False,https://github.com/jaakkopasanen/AutoEq/blob/master/measurements/oratory1990/data/over-ear/Beyerdynamic%20DT%201770%20(velour%20earpads).csv
6,Beyerdynamic DT 1770 Pro,curves/006-beyerdynamic-dt-1770-pro/oratory1990__GRAS43AG__MK1_leather.csv,oratory1990,GRAS 43AG-7,False,初代 250Ω，皮垫,False,https://github.com/jaakkopasanen/AutoEq/blob/master/measurements/oratory1990/data/over-ear/Beyerdynamic%20DT%201770%20(leatherette%20earpads).csv
6,Beyerdynamic DT 1770 Pro,curves/006-beyerdynamic-dt-1770-pro/Rtings__HMSII3__MK1_velour.csv,RTINGS,Head Acoustics HMS II.3,False,初代，绒布垫,False,https://github.com/jaakkopasanen/AutoEq/blob/master/measurements/Rtings/data/over-ear/HMS%20II.3/Beyerdynamic%20DT%201770%20(velour%20earpads).csv
7,Neumann NDH 20,curves/007-neumann-ndh-20/EarphonesArchive__BK5128.csv,Earphones Archive,B&K 5128,True,单一版本；L/R 平均（100Hz-5kHz 左右差约 2.3 dB）,True,https://earphonesarchive.squig.link/headphones/data/Neumann%20NDH%2020%20L.txt
7,Neumann NDH 20,curves/007-neumann-ndh-20/oratory1990__GRAS43AG7.csv,oratory1990,GRAS 43AG-7,False,单一版本,False,https://github.com/jaakkopasanen/AutoEq/blob/master/measurements/oratory1990/data/over-ear/Neumann%20NDH20.csv
7,Neumann NDH 20,curves/007-neumann-ndh-20/AuricularesArgentina__unspecified.csv,Auriculares Argentina,未注明,False,单一版本；结果与其他两条矛盾，未采用,False,https://github.com/jaakkopasanen/AutoEq/blob/master/measurements/Auriculares%20Argentina/data/over-ear/Neumann%20NDH20.csv
8,Yamaha HPH-MT8,curves/008-yamaha-hph-mt8/earphonesarchive__BK5128__center_LRavg.csv,earphonesarchive.squig.link,B&K 5128,True,原装耳垫，居中佩戴，L/R 平均,True,https://earphonesarchive.squig.link/headphones/data/Yamaha%20HPH-MT8%20(center)%20L.txt
8,Yamaha HPH-MT8,curves/008-yamaha-hph-mt8/earphonesarchive__BK5128__5pos_LRavg.csv,earphonesarchive.squig.link,B&K 5128,True,原装耳垫，5 个佩戴位置（center/back/front/up/down）各自 L/R 平均后再平均,True,https://earphonesarchive.squig.link/headphones/data/
9,Beyerdynamic DT 700 Pro X,curves/009-beyerdynamic-dt-700-pro-x/oratory1990__GRAS43AG7.csv,oratory1990,GRAS 43AG-7,False,48 Ω 单一版本，原厂耳垫,True,https://github.com/jaakkopasanen/AutoEq/blob/master/measurements/oratory1990/data/over-ear/Beyerdynamic%20DT%20700%20Pro%20X.csv
9,Beyerdynamic DT 700 Pro X,curves/009-beyerdynamic-dt-700-pro-x/Kuulokenurkka__unspecified.csv,Kuulokenurkka,IEC 711 clone（KEMAR 或 KB501X 耳廓，未注明）,False,48 Ω 原厂,False,https://github.com/jaakkopasanen/AutoEq/blob/master/measurements/Kuulokenurkka/data/over-ear/Beyerdynamic%20DT%20700%20Pro%20X.csv
9,Beyerdynamic DT 700 Pro X,curves/009-beyerdynamic-dt-700-pro-x/Rtings__HMSII3.csv,RTINGS,Head Acoustics HMS II.3,False,48 Ω；AutoEq 合并 L/R；测试台 1.x,False,https://github.com/jaakkopasanen/AutoEq/blob/master/measurements/Rtings/data/over-ear/HMS%20II.3/Beyerdynamic%20DT%20700%20Pro%20X.csv
10,Austrian Audio Hi-X55,curves/010-austrian-audio-hi-x55/oratory1990__GRAS43AG.csv,oratory1990,GRAS 43AG-7,False,原厂耳垫；AutoEq 平均曲线,True,https://github.com/jaakkopasanen/AutoEq/blob/master/measurements/oratory1990/data/over-ear/Austrian%20Audio%20Hi-X55.csv
10,Austrian Audio Hi-X55,curves/010-austrian-audio-hi-x55/Listener__KB006x_clone.csv,Listener (listener.squig.link Clone KB006x 头戴库),KB006x 仿制耳廓 + 仿制耦合器（非标准）,False,L1-L3、R1-R3 共 6 次测量，先按通道平均再 L/R 平均，重采样到 480 个对数频点,False,https://listener.squig.link/data/Austrian%20Audio%20Hi-X55%20L1.txt
11,Ollo Audio S4R 1.3,curves/011-ollo-audio-s4r-1-3/oratory1990__GRAS43AG__S4R_unspecified.csv,oratory1990,GRAS 43AG-7,False,未注明版本的 S4R（非 1.3）,False,https://github.com/jaakkopasanen/AutoEq/blob/master/measurements/oratory1990/data/over-ear/OLLO%20S4R.csv
11,Ollo Audio S4R 1.3,curves/011-ollo-audio-s4r-1-3/oratory1990__GRAS43AG__S4R_1_1.csv,oratory1990,GRAS 43AG-7,False,S4R 1.1（非 1.3）,False,https://github.com/jaakkopasanen/AutoEq/blob/master/measurements/oratory1990/data/over-ear/OLLO%20S4R%201.1.csv
12,AKG K371,curves/012-akg-k371/EarphonesArchive__BK5128__center_LRavg.csv,Earphones Archive,B&K 5128,True,原装耳垫，center 佩戴位，L/R 平均,True,https://earphonesarchive.squig.link/headphones/data/AKG%20K371%20(center)%20L.txt
12,AKG K371,curves/012-akg-k371/Listener__BK5128__composite_avg.csv,Listener 5128 Database,B&K 5128,True,合成平均：文件头注明是 Amir、SoundGuys、Resolve 三方测量的 RMS 平均，并非单一 5128 单体测量,False,https://listener.squig.link/5128/data/K371%20L1.txt
12,AKG K371,curves/012-akg-k371/oratory1990__GRAS43AG7.csv,oratory1990,GRAS 43AG-7,False,原装耳垫,False,https://github.com/jaakkopasanen/AutoEq/blob/master/measurements/oratory1990/data/over-ear/AKG%20K371.csv
12,AKG K371,curves/012-akg-k371/oratory1990__GRAS43AG7__BrainwavzOvalPads.csv,oratory1990,GRAS 43AG-7,False,Brainwavz 椭圆耳垫（非原装）,False,https://github.com/jaakkopasanen/AutoEq/blob/master/measurements/oratory1990/data/over-ear/AKG%20K371%20(Brainwavz%20oval%20earpads).csv
12,AKG K371,curves/012-akg-k371/Rtings__HMSII3.csv,RTINGS,Head Acoustics HMS II.3,False,原装耳垫,False,https://github.com/jaakkopasanen/AutoEq/blob/master/measurements/Rtings/data/over-ear/HMS%20II.3/AKG%20K371.csv
12,AKG K371,curves/012-akg-k371/GadgetryTech__711clone__LRavg.csv,GadgetryTech (headphonedatabase.com),IEC 711 clone（KB006x 耳廓）,False,原装耳垫，L/R 平均,False,https://headphonedatabase.com/api/measurements.php?action=data&id=2&channel=L
12,AKG K371,curves/012-akg-k371/SupOrSalad__unspecified__R.csv,SupOrSalad squig,未注明（DIY）,False,只有 R 声道,False,https://suporsalad.squig.link/headphones/data/AKG%20K371%20R.txt
12,AKG K371,curves/012-akg-k371/Filk__unspecified.csv,Filk,未注明,False,未注明,False,https://github.com/jaakkopasanen/AutoEq/blob/master/measurements/Filk/data/over-ear/AKG%20K371.csv
12,AKG K371,curves/012-akg-k371/SuperReview__unspecified.csv,Super Review,未注明,False,未注明,False,https://github.com/jaakkopasanen/AutoEq/blob/master/measurements/Super%20Review/data/over-ear/AKG%20K371.csv
13,Beyerdynamic DT 770 Pro X LE,curves/013-beyerdynamic-dt-770-pro-x-le/oratory1990__GRAS43AG7.csv,oratory1990,GRAS 43AG-7,False,LE 版原装耳垫,True,https://github.com/jaakkopasanen/AutoEq/blob/master/measurements/oratory1990/data/over-ear/Beyerdynamic%20DT770%20Pro%20X%20Limited%20Edition.csv
13,Beyerdynamic DT 770 Pro X LE,curves/013-beyerdynamic-dt-770-pro-x-le/Kuulokenurkka__KB501x711.csv,Kuulokenurkka,IEC 711 clone（KB501X 耳廓）,False,LE 版原装耳垫,False,https://github.com/jaakkopasanen/AutoEq/blob/master/measurements/Kuulokenurkka/data/over-ear/Beyerdynamic%20DT770%20Pro%20X%20Limited%20Edition.csv
13,Beyerdynamic DT 770 Pro X LE,curves/013-beyerdynamic-dt-770-pro-x-le/GadgetryTech__711clone__LRavg.csv,GadgetryTech (headphonedatabase.com),IEC 711 clone（KB006x 耳廓）,False,LE 版原装耳垫，L/R 平均,False,https://headphonedatabase.com/api/measurements.php?action=data&id=71&channel=L
14,Adam Audio H200,curves/014-adam-audio-h200/EarphonesArchive__BK5128__center_LRavg.csv,Earphones Archive,B&K 5128,True,原厂皮耳垫，居中佩戴，L/R 平均,True,https://earphonesarchive.squig.link/headphones/data/Adam%20Audio%20H200%20(center)%20L.txt
14,Adam Audio H200,curves/014-adam-audio-h200/EarphonesArchive__BK5128__5pos_LRavg.csv,Earphones Archive,B&K 5128,True,center/back/front/up/down 五个佩戴位置 × L/R 平均,True,https://earphonesarchive.squig.link/headphones/
14,Adam Audio H200,curves/014-adam-audio-h200/unheardlab__GRAS43AG4__R_only.csv,unheardlab (Sai squig),GRAS 43AG-4,False,仅右声道（L 文件 404）,False,https://sai.squig.link/data/H200%20R.txt
14,Adam Audio H200,curves/014-adam-audio-h200/Jaytiss__unspecified__velour_LRavg.csv,Jaytiss squig,未注明,False,丝绒耳垫，L/R 平均,False,https://jaytiss.squig.link/headphones/data/Adam200%20L.txt
14,Adam Audio H200,curves/014-adam-audio-h200/Jaytiss__unspecified__leather_LRavg.csv,Jaytiss squig,未注明,False,原厂皮耳垫，L/R 平均,False,https://jaytiss.squig.link/headphones/data/Adam200Leather%20L.txt
15,Austrian Audio Hi-X20,curves/015-austrian-audio-hi-x20/EarphonesArchive__BK5128__center_LRavg.csv,Earphones Archive,B&K 5128,True,原厂耳垫，居中佩戴，L/R 平均,True,https://earphonesarchive.squig.link/headphones/data/Austrian%20Audio%20Hi-X20%20(center)%20L.txt
15,Austrian Audio Hi-X20,curves/015-austrian-audio-hi-x20/EarphonesArchive__BK5128__5pos_LRavg.csv,Earphones Archive,B&K 5128,True,center/back/front/up/down 五个佩戴位置 × L/R 平均,True,https://earphonesarchive.squig.link/headphones/
15,Austrian Audio Hi-X20,curves/015-austrian-audio-hi-x20/Kuulokenurkka__unspecified.csv,Kuulokenurkka (AutoEq),未注明（自建台架）,False,单一版本，通道未注明,False,https://github.com/jaakkopasanen/AutoEq/blob/master/measurements/Kuulokenurkka/data/over-ear/Austrian%20Audio%20Hi-X20.csv
16,Beyerdynamic DT 770 Pro (32/80/250Ω),curves/016-beyerdynamic-dt-770-pro-32-80-250/Rtings__BK5128.csv,RTINGS,B&K 5128,True,阻抗未注明（RTINGS EQ 库标 250Ω）,True,https://github.com/jaakkopasanen/AutoEq/blob/master/measurements/Rtings/data/over-ear/Bruel%20%26%20Kjaer%205128/Beyerdynamic%20DT%20770%20Pro.csv
16,Beyerdynamic DT 770 Pro (32/80/250Ω),curves/016-beyerdynamic-dt-770-pro-32-80-250/Listener5128__BK5128__aggregate_avg.csv,Listener's 5128 Database (squig),B&K 5128,True,站方合成的多源5128平均曲线（Resolve、S. Olive、SoundGuys 等），单文件，阻抗未注明,True,https://listener.squig.link/5128/data/DT770%20L1.txt
16,Beyerdynamic DT 770 Pro (32/80/250Ω),curves/016-beyerdynamic-dt-770-pro-32-80-250/oratory1990__GRAS43AG7.csv,oratory1990,GRAS 43AG-7,False,原装耳垫，阻抗未注明,False,https://github.com/jaakkopasanen/AutoEq/blob/master/measurements/oratory1990/data/over-ear/Beyerdynamic%20DT%20770%20Pro.csv
16,Beyerdynamic DT 770 Pro (32/80/250Ω),curves/016-beyerdynamic-dt-770-pro-32-80-250/oratory1990__GRAS43AG7__worn_pads.csv,oratory1990,GRAS 43AG-7,False,旧耳垫,False,https://github.com/jaakkopasanen/AutoEq/blob/master/measurements/oratory1990/data/over-ear/Beyerdynamic%20DT%20770%20Pro%20(worn%20earpads).csv
16,Beyerdynamic DT 770 Pro (32/80/250Ω),curves/016-beyerdynamic-dt-770-pro-32-80-250/oratory1990__GRAS43AG7__dekoni_hybrid_pads.csv,oratory1990,GRAS 43AG-7,False,Dekoni 混合耳垫,False,https://github.com/jaakkopasanen/AutoEq/blob/master/measurements/oratory1990/data/over-ear/Beyerdynamic%20DT%20770%20Pro%20(Dekoni%20hybrid%20earpads).csv
16,Beyerdynamic DT 770 Pro (32/80/250Ω),curves/016-beyerdynamic-dt-770-pro-32-80-250/HeadphoneCom_Legacy__HMS2_3__32ohm.csv,Headphone.com Legacy,Head Acoustics HMS II.3,False,32Ω,False,https://github.com/jaakkopasanen/AutoEq/blob/master/measurements/Headphone.com%20Legacy/data/over-ear/Beyerdynamic%20DT%20770%20Pro%20(32%20Ohm).csv
16,Beyerdynamic DT 770 Pro (32/80/250Ω),curves/016-beyerdynamic-dt-770-pro-32-80-250/HeadphoneCom_Legacy__HMS2_3__250ohm.csv,Headphone.com Legacy,Head Acoustics HMS II.3,False,250Ω,False,https://github.com/jaakkopasanen/AutoEq/blob/master/measurements/Headphone.com%20Legacy/data/over-ear/Beyerdynamic%20DT%20770%20Pro%20(250%20Ohm).csv
16,Beyerdynamic DT 770 Pro (32/80/250Ω),curves/016-beyerdynamic-dt-770-pro-32-80-250/HeadphoneCom_Legacy__HMS2_3__600ohm.csv,Headphone.com Legacy,Head Acoustics HMS II.3,False,600Ω（旧版）,False,https://github.com/jaakkopasanen/AutoEq/blob/master/measurements/Headphone.com%20Legacy/data/over-ear/Beyerdynamic%20DT%20770%20Pro%20(600%20Ohm).csv
16,Beyerdynamic DT 770 Pro (32/80/250Ω),curves/016-beyerdynamic-dt-770-pro-32-80-250/Innerfidelity__HMS2_3__600ohm.csv,Innerfidelity,Head Acoustics HMS II.3,False,600Ω（旧版）,False,https://github.com/jaakkopasanen/AutoEq/blob/master/measurements/Innerfidelity/data/over-ear/Beyerdynamic%20DT%20770%20Pro%20(600%20Ohm).csv
16,Beyerdynamic DT 770 Pro (32/80/250Ω),curves/016-beyerdynamic-dt-770-pro-32-80-250/AuricularesArgentina__unspecified__250ohm.csv,Auriculares Argentina,未注明,False,250Ω（与无后缀文件内容完全相同，只保留一份）,False,https://github.com/jaakkopasanen/AutoEq/blob/master/measurements/Auriculares%20Argentina/data/over-ear/Beyerdynamic%20DT%20770%20Pro%20(250%20Ohm).csv
16,Beyerdynamic DT 770 Pro (32/80/250Ω),curves/016-beyerdynamic-dt-770-pro-32-80-250/AuricularesArgentina__unspecified__80ohm.csv,Auriculares Argentina,未注明,False,80Ω,False,https://github.com/jaakkopasanen/AutoEq/blob/master/measurements/Auriculares%20Argentina/data/over-ear/Beyerdynamic%20DT%20770%20Pro%20(80%20Ohm).csv
16,Beyerdynamic DT 770 Pro (32/80/250Ω),curves/016-beyerdynamic-dt-770-pro-32-80-250/SuperReview__unspecified__32ohm.csv,Super Review,未注明,False,32Ω,False,https://github.com/jaakkopasanen/AutoEq/blob/master/measurements/Super%20Review/data/over-ear/Beyerdynamic%20DT%20770%20Pro%20(32%20ohm).csv
16,Beyerdynamic DT 770 Pro (32/80/250Ω),curves/016-beyerdynamic-dt-770-pro-32-80-250/Kuulokenurkka__unspecified__80ohm.csv,Kuulokenurkka,未注明,False,80Ω,False,https://github.com/jaakkopasanen/AutoEq/blob/master/measurements/Kuulokenurkka/data/over-ear/Beyerdynamic%20DT%20770%20Pro%20(80%20Ohm).csv
16,Beyerdynamic DT 770 Pro (32/80/250Ω),curves/016-beyerdynamic-dt-770-pro-32-80-250/Kuulokenurkka__unspecified__32ohm_LE_pleather.csv,Kuulokenurkka,未注明,False,32Ω 限量版，皮质耳垫,False,"https://github.com/jaakkopasanen/AutoEq/blob/master/measurements/Kuulokenurkka/data/over-ear/Beyerdynamic%20DT%20770%20Pro%20(32%20ohm%20Limited%20Edition,%20pleather%20earpads).csv"
16,Beyerdynamic DT 770 Pro (32/80/250Ω),curves/016-beyerdynamic-dt-770-pro-32-80-250/GadgetryTech__KB006x__80ohm_LR_avg.csv,GadgetryTech squig,KB006x 耳廓仿制（711 类）,False,80Ω，L/R 平均,False,https://gadgetrytech.squig.link/headsets/data/beyerdynamic%20DT%20770%2080%20ohm%20L.txt
17,Sennheiser HD 300 Pro,curves/017-sennheiser-hd-300-pro/Listener__KB006x__LR_avg.csv,Listener's Clone KB006x Database (listener.squig.link),KB006x 耳廓 + 仿制耦合器（711 类）,False,L1-L3、R1-R3 六条按频点平均（L/R 平均）,True,https://listener.squig.link/data/Sennheiser%20HD300%20Pro%20L1.txt
18,Audio-Technica ATH-M70x,curves/018-audio-technica-ath-m70x/oratory1990__GRAS43AG7.csv,oratory1990,GRAS 43AG-7,False,原厂耳垫；AutoEq 单条曲线,True,https://github.com/jaakkopasanen/AutoEq/blob/master/measurements/oratory1990/data/over-ear/Audio-Technica ATH-M70x.csv
18,Audio-Technica ATH-M70x,curves/018-audio-technica-ath-m70x/Rtings__HMS2_3.csv,RTINGS,Head Acoustics HMS II.3,False,AutoEq 单条曲线,False,https://github.com/jaakkopasanen/AutoEq/blob/master/measurements/Rtings/data/over-ear/HMS II.3/Audio-Technica ATH-M70x.csv
18,Audio-Technica ATH-M70x,curves/018-audio-technica-ath-m70x/Innerfidelity__HMS2_3.csv,Innerfidelity,Head Acoustics HMS II.3,False,AutoEq 单条曲线,False,https://github.com/jaakkopasanen/AutoEq/blob/master/measurements/Innerfidelity/data/over-ear/Audio-Technica ATH-M70x.csv
19,Audio-Technica ATH-M40x,curves/019-audio-technica-ath-m40x/oratory1990__GRAS43AG7.csv,oratory1990,GRAS 43AG-7,False,原厂耳垫；AutoEq 单条曲线,True,https://github.com/jaakkopasanen/AutoEq/blob/master/measurements/oratory1990/data/over-ear/Audio-Technica ATH-M40x.csv
19,Audio-Technica ATH-M40x,curves/019-audio-technica-ath-m40x/Rtings__HMS2_3.csv,RTINGS,Head Acoustics HMS II.3,False,AutoEq 单条曲线,False,https://github.com/jaakkopasanen/AutoEq/blob/master/measurements/Rtings/data/over-ear/HMS II.3/Audio-Technica ATH-M40x.csv
19,Audio-Technica ATH-M40x,curves/019-audio-technica-ath-m40x/AuricularesArgentina__unspecified.csv,Auriculares Argentina,未注明,False,AutoEq 单条曲线,False,https://github.com/jaakkopasanen/AutoEq/blob/master/measurements/Auriculares Argentina/data/over-ear/Audio-Technica ATH-M40x.csv
20,Audio-Technica ATH-M50x,curves/020-audio-technica-ath-m50x/Rtings__BK5128.csv,RTINGS,B&K 5128,True,有线 M50x 原装耳垫,True,https://github.com/jaakkopasanen/AutoEq/blob/master/measurements/Rtings/data/over-ear/Bruel%20%26%20Kjaer%205128/Audio-Technica%20ATH-M50x.csv
20,Audio-Technica ATH-M50x,curves/020-audio-technica-ath-m50x/oratory1990__GRAS43AG7.csv,oratory1990,GRAS 43AG-7,False,原装耳垫,False,https://github.com/jaakkopasanen/AutoEq/blob/master/measurements/oratory1990/data/over-ear/Audio-Technica%20ATH-M50x.csv
20,Audio-Technica ATH-M50x,curves/020-audio-technica-ath-m50x/oratory1990__GRAS43AG7__massdrop_velour.csv,oratory1990,GRAS 43AG-7,False,Massdrop 绒布耳垫,False,https://github.com/jaakkopasanen/AutoEq/blob/master/measurements/oratory1990/data/over-ear/Audio-Technica%20ATH-M50x%20(Massdrop%20velours%20earpads).csv
20,Audio-Technica ATH-M50x,curves/020-audio-technica-ath-m50x/oratory1990__GRAS43AG7__dekoni_sheepskin.csv,oratory1990,GRAS 43AG-7,False,Dekoni 羊皮耳垫,False,https://github.com/jaakkopasanen/AutoEq/blob/master/measurements/oratory1990/data/over-ear/Audio-Technica%20ATH-M50x%20(Dekoni%20sheepskin%20earpads).csv
20,Audio-Technica ATH-M50x,curves/020-audio-technica-ath-m50x/Innerfidelity__HMSII3.csv,Innerfidelity,Head Acoustics HMS II.3,False,原装,False,https://github.com/jaakkopasanen/AutoEq/blob/master/measurements/Innerfidelity/data/over-ear/Audio-Technica%20ATH-M50x.csv
20,Audio-Technica ATH-M50x,curves/020-audio-technica-ath-m50x/HeadphoneComLegacy__HMSII3.csv,Headphone.com Legacy,Head Acoustics HMS II.3,False,原装,False,https://github.com/jaakkopasanen/AutoEq/blob/master/measurements/Headphone.com%20Legacy/data/over-ear/Audio-Technica%20ATH-M50x.csv
20,Audio-Technica ATH-M50x,curves/020-audio-technica-ath-m50x/Kuulokenurkka__unspecified.csv,Kuulokenurkka,未注明,False,原装,False,https://github.com/jaakkopasanen/AutoEq/blob/master/measurements/Kuulokenurkka/data/over-ear/Audio-Technica%20ATH-M50x.csv
20,Audio-Technica ATH-M50x,curves/020-audio-technica-ath-m50x/AuricularesArgentina__unspecified.csv,Auriculares Argentina,未注明,False,原装,False,https://github.com/jaakkopasanen/AutoEq/blob/master/measurements/Auriculares%20Argentina/data/over-ear/Audio-Technica%20ATH-M50x.csv
21,Shure SRH840A,curves/021-shure-srh840a/EarphonesArchive__BK5128__center_LR_avg.csv,Earphones Archive (squig.link),B&K 5128,True,居中佩戴，L/R 平均,True,https://earphonesarchive.squig.link/headphones/data/Shure%20SRH840A%20(center)%20L.txt
21,Shure SRH840A,curves/021-shure-srh840a/EarphonesArchive__BK5128__5pos_LR_avg.csv,Earphones Archive (squig.link),B&K 5128,True,center/back/front/up/down 5 位置 × L/R 共 10 条平均,True,https://earphonesarchive.squig.link/headphones/data/Shure%20SRH840A%20(center)%20L.txt
21,Shure SRH840A,curves/021-shure-srh840a/oratory1990__GRAS43AG7.csv,oratory1990,GRAS 43AG-7,False,原装,False,https://github.com/jaakkopasanen/AutoEq/blob/master/measurements/oratory1990/data/over-ear/Shure%20SRH840A.csv
23,AKG K371-BT,curves/023-akg-k371-bt/EarphonesArchive__BK5128__proxyK371_center_LRavg.csv,Earphones Archive,B&K 5128,True,代理：有线 K371，关系证据：厂商/B&H/Trusted Reviews/headphonecheck 称 BT 版声学与有线版相同；原装耳垫，center 佩戴位，L/R 平均,True,https://earphonesarchive.squig.link/headphones/?share=AKG_K371
23,AKG K371-BT,curves/023-akg-k371-bt/Listener__BK5128__proxyK371_composite_avg.csv,Listener 5128 Database,B&K 5128（合成，含非 5128 数据）,True,代理：有线 K371，关系证据同上；三方测量的 RMS 平均,False,https://listener.squig.link/5128/
23,AKG K371-BT,curves/023-akg-k371-bt/oratory1990__GRAS43AG7__proxyK371.csv,oratory1990,GRAS 43AG-7,False,代理：有线 K371，关系证据同上；原装耳垫,False,https://github.com/jaakkopasanen/AutoEq/blob/master/measurements/oratory1990/data/over-ear/AKG%20K371.csv
23,AKG K371-BT,curves/023-akg-k371-bt/Rtings__HMSII3__proxyK371.csv,RTINGS,Head Acoustics HMS II.3,False,代理：有线 K371，关系证据同上,False,https://github.com/jaakkopasanen/AutoEq/blob/master/measurements/Rtings/data/over-ear/HMS%20II.3/AKG%20K371.csv
24,AKG K553 MkII,curves/024-akg-k553-mkii/Sai_unheardlab__GRAS43AG4__stock_Ronly.csv,Sai / unheardlab (sai.squig.link),GRAS 43AG-4,False,K553 MkII 原装耳垫，仅 R 声道,True,https://sai.squig.link/data/K553%20MKII%20R.txt
24,AKG K553 MkII,curves/024-akg-k553-mkii/Sai_unheardlab__GRAS43AG4__goodseal_Ronly.csv,Sai / unheardlab (sai.squig.link),GRAS 43AG-4,False,MkII 密封良好，仅 R 声道,False,https://sai.squig.link/data/K553%20MKII%20with%20good%20seal%20R.txt
24,AKG K553 MkII,curves/024-akg-k553-mkii/Sai_unheardlab__GRAS43AG4__leakage_Ronly.csv,Sai / unheardlab (sai.squig.link),GRAS 43AG-4,False,MkII 漏气状态，仅 R 声道,False,https://sai.squig.link/data/K553%20MKII%20with%20leakage%20R.txt
24,AKG K553 MkII,curves/024-akg-k553-mkii/oratory1990__GRAS43AG7__proxy_K553.csv,oratory1990,GRAS 43AG-7,False,代理：标准版 K553，关系证据：MkII 是 K553 系列的改版,False,https://github.com/jaakkopasanen/AutoEq/blob/master/measurements/oratory1990/data/over-ear/AKG%20K553.csv
25,Sony MDR-M1ST,curves/025-sony-mdr-m1st/EarphonesArchive__BK5128__mid_LRavg.csv,Earphones Archive (squig),B&K 5128,True,中期批次，原装耳垫，L/R 平均,True,https://earphonesarchive.squig.link/headphones/data/SONY%20MDR-M1ST%20(mid%20production)%20L.txt
25,Sony MDR-M1ST,curves/025-sony-mdr-m1st/EarphonesArchive__BK5128__mid_sample2_LRavg.csv,Earphones Archive (squig),B&K 5128,True,中期批次第二个样品，原装耳垫，L/R 平均,True,https://earphonesarchive.squig.link/headphones/data/SONY%20MDR-M1ST%20(mid%20production-sample%202)%20L.txt
25,Sony MDR-M1ST,curves/025-sony-mdr-m1st/EarphonesArchive__BK5128__early_LRavg.csv,Earphones Archive (squig),B&K 5128,True,早期批次，原装耳垫，L/R 平均,True,https://earphonesarchive.squig.link/headphones/data/SONY%20MDR-M1ST%20(early%20production)%20L.txt
25,Sony MDR-M1ST,curves/025-sony-mdr-m1st/EarphonesArchive__BK5128__mid_lambskin_LRavg.csv,Earphones Archive (squig),B&K 5128,True,中期批次，换装速卖通羊皮耳垫（非原装），L/R 平均,False,https://earphonesarchive.squig.link/headphones/data/SONY%20MDR-M1ST%20(mid%20production-ali%20lamb%20skin%20pad)%20L.txt
26,Austrian Audio Hi-X15,curves/026-austrian-audio-hi-x15/oratory1990__GRAS45BC10.csv,oratory1990,GRAS 45BC-10,False,原装耳垫；oratory PDF 同时覆盖 Hi-X25BT,True,https://github.com/jaakkopasanen/AutoEq/blob/master/measurements/oratory1990/data/over-ear/Austrian%20Audio%20Hi-X15.csv
27,Sony MDR-7506,curves/027-sony-mdr-7506/oratory1990__GRAS43AG7.csv,oratory1990,GRAS 43AG-7,False,原厂耳垫,True,https://github.com/jaakkopasanen/AutoEq/blob/master/measurements/oratory1990/data/over-ear/Sony%20MDR-7506.csv
27,Sony MDR-7506,curves/027-sony-mdr-7506/Sai_UnheardLab__GRAS43AG4__R.csv,sai.squig.link (unheardlab),GRAS 43AG-4,False,原厂耳垫；仅 R 声道（L 文件 404）,False,https://sai.squig.link/data/MDR-7506%20R.txt
27,Sony MDR-7506,curves/027-sony-mdr-7506/Rtings__HMSII3.csv,RTINGS,Head Acoustics HMS II.3,False,旧测试台,False,https://github.com/jaakkopasanen/AutoEq/blob/master/measurements/Rtings/data/over-ear/HMS%20II.3/Sony%20MDR-7506.csv
27,Sony MDR-7506,curves/027-sony-mdr-7506/HeadphoneCom_Legacy__HMSII3.csv,Headphone.com Legacy,Head Acoustics HMS II.3,False,未注明,False,https://github.com/jaakkopasanen/AutoEq/blob/master/measurements/Headphone.com%20Legacy/data/over-ear/Sony%20MDR-7506.csv
27,Sony MDR-7506,curves/027-sony-mdr-7506/Super_Review__unspecified.csv,Super* Review,未注明,False,未注明,False,https://github.com/jaakkopasanen/AutoEq/blob/master/measurements/Super%20Review/data/over-ear/Sony%20MDR-7506.csv
27,Sony MDR-7506,curves/027-sony-mdr-7506/Hu-Fi__unspecified__L.csv,hu-fi.squig.link,未注明,False,仅 L 声道（R 文件 404）,False,https://hu-fi.squig.link/data/Sony%20MDR-7506%20L.txt
28,AKG K361,curves/028-akg-k361/Rtings__BK5128.csv,RTINGS,B&K 5128,True,原厂耳垫有线版,True,https://github.com/jaakkopasanen/AutoEq/blob/master/measurements/Rtings/data/over-ear/Bruel%20%26%20Kjaer%205128/AKG%20K361.csv
28,AKG K361,curves/028-akg-k361/oratory1990__GRAS43AG7.csv,oratory1990,GRAS 43AG-7,False,原厂耳垫,False,https://github.com/jaakkopasanen/AutoEq/blob/master/measurements/oratory1990/data/over-ear/AKG%20K361.csv
28,AKG K361,curves/028-akg-k361/Kuulokenurkka__unspecified.csv,Kuulokenurkka,未注明,False,未注明,False,https://github.com/jaakkopasanen/AutoEq/blob/master/measurements/Kuulokenurkka/data/over-ear/AKG%20K361.csv
29,Sennheiser HD 25,curves/029-sennheiser-hd-25/Rtings__BK5128.csv,RTINGS,B&K 5128,True,现款HD 25（70Ω），AutoEq收录版,True,https://github.com/jaakkopasanen/AutoEq/blob/master/measurements/Rtings/data/over-ear/Bruel%20%26%20Kjaer%205128/Sennheiser%20HD%2025.csv
29,Sennheiser HD 25,curves/029-sennheiser-hd-25/EarphonesArchive__BK5128__HD25-1II_LRavg.csv,Earphones Archive (squig.link),B&K 5128,True,HD25-1 II，L/R 平均,True,https://earphonesarchive.squig.link/headphones/data/Sennheiser%20HD25-1%20II%20L.txt
29,Sennheiser HD 25,curves/029-sennheiser-hd-25/oratory1990__GRAS45BC__HD25-1II.csv,oratory1990,GRAS 45BC KEMAR（AutoEq索引）,False,HD25-1 II，密封良好,False,https://github.com/jaakkopasanen/AutoEq/blob/master/measurements/oratory1990/data/over-ear/Sennheiser%20HD25-1%20II.csv
29,Sennheiser HD 25,curves/029-sennheiser-hd-25/oratory1990__GRAS45BC__HD25-1II_badseal.csv,oratory1990,GRAS 45BC KEMAR（AutoEq索引）,False,HD25-1 II，密封不良,False,https://github.com/jaakkopasanen/AutoEq/blob/master/measurements/oratory1990/data/over-ear/Sennheiser%20HD25-1%20II%20(bad%20seal).csv
29,Sennheiser HD 25,curves/029-sennheiser-hd-25/Innerfidelity__HMSII3__HD25-1II.csv,Innerfidelity,Head Acoustics HMS II.3,False,HD 25-1 II,False,https://github.com/jaakkopasanen/AutoEq/blob/master/measurements/Innerfidelity/data/over-ear/Sennheiser%20HD%2025-1%20II.csv
29,Sennheiser HD 25,curves/029-sennheiser-hd-25/Innerfidelity__HMSII3__HD25-1IIB_2012.csv,Innerfidelity,Head Acoustics HMS II.3,False,HD 25-1 II，2012样品,False,https://github.com/jaakkopasanen/AutoEq/blob/master/measurements/Innerfidelity/data/over-ear/Sennheiser%20HD%2025-1%20II%20B%20(2012).csv
29,Sennheiser HD 25,curves/029-sennheiser-hd-25/Innerfidelity__HMSII3__HD25Aluminum.csv,Innerfidelity,Head Acoustics HMS II.3,False,HD 25 Aluminium,False,https://github.com/jaakkopasanen/AutoEq/blob/master/measurements/Innerfidelity/data/over-ear/Sennheiser%20HD%2025%20Aluminum.csv
29,Sennheiser HD 25,curves/029-sennheiser-hd-25/Innerfidelity__HMSII3__HD25-1.csv,Innerfidelity,Head Acoustics HMS II.3,False,初代HD 25-1,False,https://github.com/jaakkopasanen/AutoEq/blob/master/measurements/Innerfidelity/data/over-ear/Sennheiser%20HD%2025-1.csv
29,Sennheiser HD 25,curves/029-sennheiser-hd-25/HeadphoneCom_Legacy__HMSII3__HD25-1.csv,Headphone.com Legacy,Head Acoustics HMS II.3,False,初代HD 25-1,False,https://github.com/jaakkopasanen/AutoEq/blob/master/measurements/Headphone.com%20Legacy/data/over-ear/Sennheiser%20HD%2025-1.csv
29,Sennheiser HD 25,curves/029-sennheiser-hd-25/HeadphoneCom_Legacy__HMSII3__HD25-SP.csv,Headphone.com Legacy,Head Acoustics HMS II.3,False,HD 25-SP（简化版）,False,https://github.com/jaakkopasanen/AutoEq/blob/master/measurements/Headphone.com%20Legacy/data/over-ear/Sennheiser%20HD%2025-SP.csv
29,Sennheiser HD 25,curves/029-sennheiser-hd-25/Hu-Fi__unspecified__YaxiTypeB_LRavg.csv,Hu-Fi (squig.link),未注明,False,70Ω，Yaxi Type-B耳垫，L/R 平均,False,https://hu-fi.squig.link/data/HD25%20(70%20Ohm%20with%20Yaxi%20Type-B)%20L.txt
29,Sennheiser HD 25,curves/029-sennheiser-hd-25/Exound__unspecified__75th_tight_LRavg.csv,Exound (squig.link),未注明,False,75周年版，紧密佩戴，L/R 平均,False,https://exound.squig.link/data/Sennheiser%20HD25%2075th%20Tight%20L.txt
29,Sennheiser HD 25,curves/029-sennheiser-hd-25/Exound__unspecified__75th_loose_LRavg.csv,Exound (squig.link),未注明,False,75周年版，松佩戴，L/R 平均,False,https://exound.squig.link/data/Sennheiser%20HD25%2075th%20Loose%20L.txt
30,Rode NTH-100,curves/030-rode-nth-100/oratory1990__GRAS45BC10.csv,oratory1990,GRAS 45BC-10 KEMAR（AutoEq索引）,False,NTH-100原装,True,https://github.com/jaakkopasanen/AutoEq/blob/master/measurements/oratory1990/data/over-ear/R%C3%98DE%20NTH-100.csv
30,Rode NTH-100,curves/030-rode-nth-100/Kuulokenurkka__KB501x_711.csv,Kuulokenurkka,KEMAR KB501x + IEC 711,False,NTH-100原装（AutoEq处理后的L/R合并）,False,https://github.com/jaakkopasanen/AutoEq/blob/master/measurements/Kuulokenurkka/data/over-ear/R%C3%98DE%20NTH-100.csv
30,Rode NTH-100,curves/030-rode-nth-100/Kuulokenurkka__KB501x_711__front_damping_removed.csv,Kuulokenurkka,KEMAR KB501x + IEC 711,False,拆除前阻尼的改装版,False,https://github.com/jaakkopasanen/AutoEq/blob/master/measurements/Kuulokenurkka/data/over-ear/R%C3%98DE%20NTH-100%20(front%20dampening%20removed).csv
30,Rode NTH-100,curves/030-rode-nth-100/Exound__unspecified__used_LRavg.csv,Exound (squig.link),未注明,False,二手样品，L/R 平均,False,https://exound.squig.link/data/RODE%20NTH-100%20L.txt
31,Sony MDR-CD900ST,curves/031-sony-mdr-cd900st/EarphonesArchive__BK5128__proxy-MDR-CD900.csv,Earphones Archive (squig.link),B&K 5128,True,代理：MDR-CD900（数据库标注如此），关系证据：CD900ST 由 MDR-CD900 衍生，外形与单元同源，也可能是 ST 的简写标注；L/R 平均,True,https://earphonesarchive.squig.link/headphones/data/SONY%20MDR-CD900%20L.txt
31,Sony MDR-CD900ST,curves/031-sony-mdr-cd900st/oratory1990__GRAS43AG7.csv,oratory1990,GRAS 43AG-7,False,原装耳垫,True,https://github.com/jaakkopasanen/AutoEq/blob/master/measurements/oratory1990/data/over-ear/Sony%20MDR-CD900ST.csv
31,Sony MDR-CD900ST,curves/031-sony-mdr-cd900st/SuperReview__unspecified.csv,Super Review,未注明,False,原装耳垫,False,https://github.com/jaakkopasanen/AutoEq/blob/master/measurements/Super%20Review/data/over-ear/Sony%20MDR-CD900ST.csv
32,Audio-Technica ATH-M60x,curves/032-audio-technica-ath-m60x/oratory1990__GRAS43AG7.csv,oratory1990,GRAS 43AG-7,False,原装耳垫,True,https://github.com/jaakkopasanen/AutoEq/blob/master/measurements/oratory1990/data/over-ear/Audio-Technica%20ATH-M60x.csv
32,Audio-Technica ATH-M60x,curves/032-audio-technica-ath-m60x/Rtings__HMSII3.csv,RTINGS,Head Acoustics HMS II.3,False,原装（旧测试台）,True,https://github.com/jaakkopasanen/AutoEq/blob/master/measurements/Rtings/data/over-ear/HMS%20II.3/Audio-Technica%20ATH-M60x.csv
33,Sennheiser HD 25 Plus,curves/033-sennheiser-hd-25-plus/Rtings__BK5128__HD25.csv,RTINGS,B&K 5128,True,HD 25 原厂耳垫,True,https://github.com/jaakkopasanen/AutoEq/blob/master/measurements/Rtings/data/over-ear/Bruel%20%26%20Kjaer%205128/Sennheiser%20HD%2025.csv
33,Sennheiser HD 25 Plus,curves/033-sennheiser-hd-25-plus/HeadphoneDatabase__BK5128__stockpads_LRavg.csv,headphonedatabase.com,B&K 5128,True,HD 25 原厂耳垫（variant 513），L/R 平均,True,https://headphonedatabase.com/api/measurements.php?action=data&id=513&channel=L
33,Sennheiser HD 25 Plus,curves/033-sennheiser-hd-25-plus/EarphonesArchive__BK5128__HD25-1II_LRavg.csv,Earphones Archive,B&K 5128,True,HD 25-1 II，L/R 平均,True,https://earphonesarchive.squig.link/headphones/data/Sennheiser%20HD25-1%20II%20L.txt
33,Sennheiser HD 25 Plus,curves/033-sennheiser-hd-25-plus/oratory1990__GRAS43AG7__HD25-1II.csv,oratory1990,GRAS 43AG-7,False,HD 25-1 II,False,https://github.com/jaakkopasanen/AutoEq/blob/master/measurements/oratory1990/data/over-ear/Sennheiser%20HD25-1%20II.csv
33,Sennheiser HD 25 Plus,curves/033-sennheiser-hd-25-plus/oratory1990__GRAS43AG7__HD25-1II_badseal.csv,oratory1990,GRAS 43AG-7,False,HD 25-1 II，漏气佩戴,False,https://github.com/jaakkopasanen/AutoEq/blob/master/measurements/oratory1990/data/over-ear/Sennheiser%20HD25-1%20II%20(bad%20seal).csv
33,Sennheiser HD 25 Plus,curves/033-sennheiser-hd-25-plus/Listener__711clone__KB006x_3seatLRavg.csv,Listener (listener.squig.link),IEC 711 clone + KB006x,False,HD 25，3 次佩戴 × L/R 平均,False,https://listener.squig.link/data/Sennheiser%20HD25%20L1.txt
33,Sennheiser HD 25 Plus,curves/033-sennheiser-hd-25-plus/Elrics__711clone__HD25-II_LRavg.csv,Elrics (squig.link/lab/elrics),IEC 711 clone + KB50xx,False,HD 25-II，L/R 平均，低频漏气,False,https://squig.link/lab/elrics/headphones/data/Sennheiser%20HD%2025-II%20L.txt
33,Sennheiser HD 25 Plus,curves/033-sennheiser-hd-25-plus/Innerfidelity__HMSII3__HD25-1II.csv,Innerfidelity,Head Acoustics HMS II.3,False,HD 25-1 II,False,https://github.com/jaakkopasanen/AutoEq/blob/master/measurements/Innerfidelity/data/over-ear/Sennheiser%20HD%2025-1%20II.csv
33,Sennheiser HD 25 Plus,curves/033-sennheiser-hd-25-plus/Innerfidelity__HMSII3__HD25-1IIB_2012.csv,Innerfidelity,Head Acoustics HMS II.3,False,HD 25-1 II（2012 批次）,False,https://github.com/jaakkopasanen/AutoEq/blob/master/measurements/Innerfidelity/data/over-ear/Sennheiser%20HD%2025-1%20II%20B%20(2012).csv
33,Sennheiser HD 25 Plus,curves/033-sennheiser-hd-25-plus/Innerfidelity__HMSII3__HD25Aluminum.csv,Innerfidelity,Head Acoustics HMS II.3,False,HD 25 Aluminium,False,https://github.com/jaakkopasanen/AutoEq/blob/master/measurements/Innerfidelity/data/over-ear/Sennheiser%20HD%2025%20Aluminum.csv
33,Sennheiser HD 25 Plus,curves/033-sennheiser-hd-25-plus/Innerfidelity__HMSII3__HD25-1.csv,Innerfidelity,Head Acoustics HMS II.3,False,老款 HD 25-1,False,https://github.com/jaakkopasanen/AutoEq/blob/master/measurements/Innerfidelity/data/over-ear/Sennheiser%20HD%2025-1.csv
33,Sennheiser HD 25 Plus,curves/033-sennheiser-hd-25-plus/HeadphoneComLegacy__HMSII3__HD25-1.csv,Headphone.com Legacy,Head Acoustics HMS II.3,False,老款 HD 25-1,False,https://github.com/jaakkopasanen/AutoEq/blob/master/measurements/Headphone.com%20Legacy/data/over-ear/Sennheiser%20HD%2025-1.csv
34,Sennheiser HD 300 Protect,curves/034-sennheiser-hd-300-protect/Listener__711clone__proxy-HD300Pro_3seatLRavg.csv,Listener (listener.squig.link),IEC 711 clone + KB006x,False,代理：HD 300 PRO，关系证据：同一份规格书 SP_1184，仅差 ActiveGard 电路；3 次佩戴 × L/R 平均,True,https://listener.squig.link/data/Sennheiser%20HD300%20Pro%20L1.txt
36,Audeze LCD-XC,curves/036-audeze-lcd-xc/EarphonesArchive__BK5128__center.csv,Earphones Archive,B&K 5128,True,居中佩戴，L/R 平均；版本未标注（推断 2021 版）,True,https://earphonesarchive.squig.link/headphones/
36,Audeze LCD-XC,curves/036-audeze-lcd-xc/EarphonesArchive__BK5128__back.csv,Earphones Archive,B&K 5128,True,靠后佩戴，L/R 平均,False,https://earphonesarchive.squig.link/headphones/
36,Audeze LCD-XC,curves/036-audeze-lcd-xc/EarphonesArchive__BK5128__front.csv,Earphones Archive,B&K 5128,True,靠前佩戴，L/R 平均,False,https://earphonesarchive.squig.link/headphones/
36,Audeze LCD-XC,curves/036-audeze-lcd-xc/EarphonesArchive__BK5128__up.csv,Earphones Archive,B&K 5128,True,偏上佩戴，L/R 平均,False,https://earphonesarchive.squig.link/headphones/
36,Audeze LCD-XC,curves/036-audeze-lcd-xc/EarphonesArchive__BK5128__down.csv,Earphones Archive,B&K 5128,True,偏下佩戴，L/R 平均,False,https://earphonesarchive.squig.link/headphones/
36,Audeze LCD-XC,curves/036-audeze-lcd-xc/oratory1990__GRAS43AG7.csv,oratory1990,GRAS 43AG-7,False,2021 版（AutoEq 另列 pre-2021）,False,https://github.com/jaakkopasanen/AutoEq/blob/master/measurements/oratory1990/data/over-ear/Audeze%20LCD-XC.csv
36,Audeze LCD-XC,curves/036-audeze-lcd-xc/oratory1990__GRAS43AG7__pre2021.csv,oratory1990,GRAS 43AG-7,False,pre-2021 旧版,False,https://github.com/jaakkopasanen/AutoEq/blob/master/measurements/oratory1990/data/over-ear/Audeze%20LCD-XC%20(pre-2021).csv
36,Audeze LCD-XC,curves/036-audeze-lcd-xc/Innerfidelity__HMS2_3.csv,Innerfidelity,Head Acoustics HMS II.3,False,旧版（pre-2021）,False,https://github.com/jaakkopasanen/AutoEq/blob/master/measurements/Innerfidelity/data/over-ear/Audeze%20LCD-XC.csv
36,Audeze LCD-XC,curves/036-audeze-lcd-xc/Innerfidelity__HMS2_3__s1.csv,Innerfidelity,Head Acoustics HMS II.3,False,旧版样本 1,False,https://github.com/jaakkopasanen/AutoEq/blob/master/measurements/Innerfidelity/data/over-ear/Audeze%20LCD-XC%20(sample%201).csv
36,Audeze LCD-XC,curves/036-audeze-lcd-xc/Innerfidelity__HMS2_3__s2.csv,Innerfidelity,Head Acoustics HMS II.3,False,旧版样本 2,False,https://github.com/jaakkopasanen/AutoEq/blob/master/measurements/Innerfidelity/data/over-ear/Audeze%20LCD-XC%20(sample%202).csv
36,Audeze LCD-XC,curves/036-audeze-lcd-xc/HeadphoneCom_Legacy__HMS2_3.csv,Headphone.com Legacy,Head Acoustics HMS II.3,False,旧版,False,https://github.com/jaakkopasanen/AutoEq/blob/master/measurements/Headphone.com%20Legacy/data/over-ear/Audeze%20LCD-XC.csv
38,Audio-Technica ATH-M50xBT2,curves/038-audio-technica-ath-m50xbt2/Rtings__HMSII3.csv,RTINGS,Head Acoustics HMS II.3,False,本机，蓝牙模式，原装耳垫，单样本,True,https://github.com/jaakkopasanen/AutoEq/blob/master/measurements/Rtings/data/over-ear/HMS%20II.3/Audio-Technica%20ATH-M50xBT2.csv
39,Audio-Technica ATH-M50xSTS,curves/039-audio-technica-ath-m50xsts/Rtings__BK5128__proxy_M50x.csv,RTINGS,B&K 5128,True,代理：ATH-M50x（有线，原装耳垫），关系证据：多个来源称 STS 使用 M50x 的单元和耳罩，HiFiReport 和 TechRadar 都认为声音与 M50x 相同,True,https://github.com/jaakkopasanen/AutoEq/blob/master/measurements/Rtings/data/over-ear/Bruel%20%26%20Kjaer%205128/Audio-Technica%20ATH-M50x.csv
39,Audio-Technica ATH-M50xSTS,curves/039-audio-technica-ath-m50xsts/oratory1990__GRAS43AG7__proxy_M50x.csv,oratory1990,GRAS 43AG-7,False,代理：ATH-M50x（原装耳垫），关系证据同上,False,https://github.com/jaakkopasanen/AutoEq/blob/master/measurements/oratory1990/data/over-ear/Audio-Technica%20ATH-M50x.csv
40,Sennheiser HD 26 Pro,curves/040-sennheiser-hd-26-pro/EarphonesArchive__BK5128__LR-avg.csv,Earphones Archive squig,B&K 5128,True,L/R 平均，单一样本,True,https://earphonesarchive.squig.link/headphones/data/Sennheiser%20HD26%20Pro%20L.txt
42,Beyerdynamic DT 250 (80/250Ω),curves/042-beyerdynamic-dt-250-80-250/oratory1990__GRAS43AG7__250ohm.csv,oratory1990,GRAS 43AG-7,False,250 Ω,True,https://github.com/jaakkopasanen/AutoEq/blob/master/measurements/oratory1990/data/over-ear/Beyerdynamic DT 250 (250 Ohm).csv
42,Beyerdynamic DT 250 (80/250Ω),curves/042-beyerdynamic-dt-250-80-250/oratory1990__GRAS43AG7__80ohm.csv,oratory1990,GRAS 43AG-7,False,80 Ω,False,https://github.com/jaakkopasanen/AutoEq/blob/master/measurements/oratory1990/data/over-ear/Beyerdynamic DT 250 (80 Ohm).csv
42,Beyerdynamic DT 250 (80/250Ω),curves/042-beyerdynamic-dt-250-80-250/Innerfidelity__HMS2__250ohm.csv,Innerfidelity,Head Acoustics HMS II.3,False,250 Ω,False,https://github.com/jaakkopasanen/AutoEq/blob/master/measurements/Innerfidelity/data/over-ear/Beyerdynamic DT 250 (250 Ohm).csv
42,Beyerdynamic DT 250 (80/250Ω),curves/042-beyerdynamic-dt-250-80-250/HeadphoneComLegacy__HMS2__250ohm.csv,Headphone.com Legacy,Head Acoustics HMS II.3,False,250 Ω,False,https://github.com/jaakkopasanen/AutoEq/blob/master/measurements/Headphone.com Legacy/data/over-ear/Beyerdynamic DT 250 (250 Ohm).csv
43,Steven Slate VSX,curves/043-steven-slate-vsx/oratory1990__GRAS43AG7__plugin-inactive.csv,oratory1990,GRAS 43AG-7,False,裸耳机（不开 VSX 插件），硬件版本未注明，通道未注明,True,https://github.com/jaakkopasanen/AutoEq/blob/master/measurements/oratory1990/data/over-ear/Steven%20Slate%20Audio%20VSX%20(passive%20plugin%20inactive)).csv
44,Shure SRH1540,curves/044-shure-srh1540/EarphonesArchive__BK5128__center.csv,Earphones Archive,B&K 5128,True,居中佩戴，L/R 平均，原配耳垫,True,https://earphonesarchive.squig.link/headphones/data/Shure%20SRH1540%20(center)%20L.txt
44,Shure SRH1540,curves/044-shure-srh1540/EarphonesArchive__BK5128__back.csv,Earphones Archive,B&K 5128,True,后移佩戴，L/R 平均,True,https://earphonesarchive.squig.link/headphones/data/Shure%20SRH1540%20(back)%20L.txt
44,Shure SRH1540,curves/044-shure-srh1540/EarphonesArchive__BK5128__front.csv,Earphones Archive,B&K 5128,True,前移佩戴，L/R 平均,True,https://earphonesarchive.squig.link/headphones/data/Shure%20SRH1540%20(front)%20L.txt
44,Shure SRH1540,curves/044-shure-srh1540/EarphonesArchive__BK5128__up.csv,Earphones Archive,B&K 5128,True,上移佩戴，L/R 平均,True,https://earphonesarchive.squig.link/headphones/data/Shure%20SRH1540%20(up)%20L.txt
44,Shure SRH1540,curves/044-shure-srh1540/EarphonesArchive__BK5128__down.csv,Earphones Archive,B&K 5128,True,下移佩戴，L/R 平均,True,https://earphonesarchive.squig.link/headphones/data/Shure%20SRH1540%20(down)%20L.txt
44,Shure SRH1540,curves/044-shure-srh1540/oratory1990__GRAS43AG7.csv,oratory1990,GRAS 43AG-7,False,原配耳垫，通道未注明,False,https://github.com/jaakkopasanen/AutoEq/blob/master/measurements/oratory1990/data/over-ear/Shure%20SRH1540.csv
44,Shure SRH1540,curves/044-shure-srh1540/Innerfidelity__HMSII3.csv,Innerfidelity,Head Acoustics HMS II.3,False,通道未注明,False,https://github.com/jaakkopasanen/AutoEq/blob/master/measurements/Innerfidelity/data/over-ear/Shure%20SRH1540.csv
44,Shure SRH1540,curves/044-shure-srh1540/HeadphoneComLegacy__HMSII3.csv,Headphone.com Legacy,Head Acoustics HMS II.3,False,通道未注明；数值与 Innerfidelity 版不完全相同,False,https://github.com/jaakkopasanen/AutoEq/blob/master/measurements/Headphone.com%20Legacy/data/over-ear/Shure%20SRH1540.csv
45,Sony MDR-7520,curves/045-sony-mdr-7520/Rtings__HMSII3.csv,RTINGS,Head Acoustics HMS II.3,False,单一版本；AutoEq 处理后数值,True,https://github.com/jaakkopasanen/AutoEq/blob/master/measurements/Rtings/data/over-ear/HMS%20II.3/Sony%20MDR-7520.csv
45,Sony MDR-7520,curves/045-sony-mdr-7520/Innerfidelity__HMSII3.csv,Innerfidelity,Head Acoustics HMS II.3,False,单一版本；AutoEq 处理后数值,True,https://github.com/jaakkopasanen/AutoEq/blob/master/measurements/Innerfidelity/data/over-ear/Sony%20MDR-7520.csv
46,Dan Clark Audio Aeon 2 Closed,curves/046-dan-clark-audio-aeon-2-closed/EarphonesArchive__BK5128__proxy_Noire_1notch_center.csv,EarphonesArchive,B&K 5128,True,代理：Aeon 2 Noire（1 格白毡垫片，居中佩戴），L/R 平均；关系证据：同一 Aeon 2 封闭平台，Noire 约等于 Closed 换穿孔耳垫加不同垫片,False,https://earphonesarchive.squig.link/headphones/data/Dan%20Clark%20Audio%20Aeon2%20Noire%20(1%20Notch%20White%20Felt%20-%20center)%20L.txt
46,Dan Clark Audio Aeon 2 Closed,curves/046-dan-clark-audio-aeon-2-closed/EarphonesArchive__BK5128__proxy_Noire_nofilter_center.csv,EarphonesArchive,B&K 5128,True,代理：Aeon 2 Noire（不放垫片，居中佩戴），L/R 平均；关系证据同上,False,https://earphonesarchive.squig.link/headphones/data/Dan%20Clark%20Audio%20Aeon2%20Noire%20(no%20filter%20-%20center)%20L.txt
46,Dan Clark Audio Aeon 2 Closed,curves/046-dan-clark-audio-aeon-2-closed/oratory1990__GRAS43AG7.csv,oratory1990,GRAS 43AG-7,False,原版，原装耳垫，默认垫片,True,https://github.com/jaakkopasanen/AutoEq/blob/master/measurements/oratory1990/data/over-ear/Dan%20Clark%20Audio%20Aeon%202%20Closed.csv
46,Dan Clark Audio Aeon 2 Closed,curves/046-dan-clark-audio-aeon-2-closed/oratory1990__GRAS43AG7__perforated_pads.csv,oratory1990,GRAS 43AG-7,False,原版换穿孔耳垫,False,https://github.com/jaakkopasanen/AutoEq/blob/master/measurements/oratory1990/data/over-ear/Dan%20Clark%20Audio%20Aeon%202%20Closed%20(perforated%20earpads).csv
46,Dan Clark Audio Aeon 2 Closed,curves/046-dan-clark-audio-aeon-2-closed/HypetheSonics__unspecified.csv,HypetheSonics,未注明,False,原版，垫片配置未注明,False,https://github.com/jaakkopasanen/AutoEq/blob/master/measurements/HypetheSonics/data/over-ear/Dan%20Clark%20Audio%20Aeon%202%20Closed.csv
48,Sony MDR-V6,curves/048-sony-mdr-v6/Innerfidelity__HMSII3.csv,Innerfidelity,Head Acoustics HMS II.3,False,原厂耳垫，AutoEq 单条曲线,True,https://github.com/jaakkopasanen/AutoEq/blob/master/measurements/Innerfidelity/data/over-ear/Sony%20MDR-V6.csv
48,Sony MDR-V6,curves/048-sony-mdr-v6/HeadphoneCom_Legacy__HMSII3.csv,Headphone.com Legacy,Head Acoustics HMS II.3,False,原厂耳垫,True,https://github.com/jaakkopasanen/AutoEq/blob/master/measurements/Headphone.com%20Legacy/data/over-ear/Sony%20MDR-V6.csv
48,Sony MDR-V6,curves/048-sony-mdr-v6/SuperReview__unspecified.csv,Super Review,未注明,False,原厂耳垫,False,https://github.com/jaakkopasanen/AutoEq/blob/master/measurements/Super%20Review/data/over-ear/Sony%20MDR-V6.csv
48,Sony MDR-V6,curves/048-sony-mdr-v6/SuperReview__unspecified__Yaxi_pads.csv,Super Review,未注明,False,Yaxi 第三方耳垫,False,https://github.com/jaakkopasanen/AutoEq/blob/master/measurements/Super%20Review/data/over-ear/Sony%20MDR-V6%20(Yaxi%20earpads).csv
49,Sennheiser HD 280 Pro,curves/049-sennheiser-hd-280-pro/oratory1990__GRAS43AG7.csv,oratory1990,GRAS 43AG-7,False,现行版，原装耳垫,True,https://github.com/jaakkopasanen/AutoEq/blob/master/measurements/oratory1990/data/over-ear/Sennheiser%20HD%20280%20Pro.csv
49,Sennheiser HD 280 Pro,curves/049-sennheiser-hd-280-pro/Rtings__HMSII3.csv,RTINGS,Head Acoustics HMS II.3,False,2016 款，旧测试台,False,https://github.com/jaakkopasanen/AutoEq/blob/master/measurements/Rtings/data/over-ear/HMS%20II.3/Sennheiser%20HD%20280%20Pro.csv
49,Sennheiser HD 280 Pro,curves/049-sennheiser-hd-280-pro/Innerfidelity__HMSII3.csv,Innerfidelity,Head Acoustics HMS II.3,False,早期样品,False,https://github.com/jaakkopasanen/AutoEq/blob/master/measurements/Innerfidelity/data/over-ear/Sennheiser%20HD%20280%20Pro.csv
49,Sennheiser HD 280 Pro,curves/049-sennheiser-hd-280-pro/HeadphoneComLegacy__HMSII3.csv,Headphone.com Legacy,Head Acoustics HMS II.3,False,早期样品,False,https://github.com/jaakkopasanen/AutoEq/blob/master/measurements/Headphone.com%20Legacy/data/over-ear/Sennheiser%20HD%20280%20Pro.csv
49,Sennheiser HD 280 Pro,curves/049-sennheiser-hd-280-pro/AuricularesArgentina__unspecified.csv,Auriculares Argentina,未注明,False,原装耳垫,False,https://github.com/jaakkopasanen/AutoEq/blob/master/measurements/Auriculares%20Argentina/data/over-ear/Sennheiser%20HD%20280%20Pro.csv
49,Sennheiser HD 280 Pro,curves/049-sennheiser-hd-280-pro/Filk__unspecified.csv,Filk,未注明,False,原装耳垫,False,https://github.com/jaakkopasanen/AutoEq/blob/master/measurements/Filk/data/over-ear/Sennheiser%20HD%20280%20Pro.csv
49,Sennheiser HD 280 Pro,curves/049-sennheiser-hd-280-pro/Filk__unspecified__SPCGearVelour.csv,Filk,未注明,False,换 SPC Gear 绒面耳垫（非原装）,False,https://github.com/jaakkopasanen/AutoEq/blob/master/measurements/Filk/data/over-ear/Sennheiser%20HD%20280%20Pro%20(SPC%20Gear%20velour%20earpads).csv
50,Shure SRH440A,curves/050-shure-srh440a/oratory1990__GRAS43AG7.csv,oratory1990,GRAS 43AG-7,False,SRH440A（2021 改款）,True,https://github.com/jaakkopasanen/AutoEq/blob/master/measurements/oratory1990/data/over-ear/Shure%20SRH440A.csv
51,Austrian Audio Hi-X25BT,curves/051-austrian-audio-hi-x25bt/oratory1990__GRAS43AG7__proxy_Hi-X15.csv,oratory1990,GRAS 43AG-7,False,代理：Hi-X15，关系证据：官方与 Headfonics 称两款共用 44 mm Hi-X 单元和同一平台，榜单备注为 X15 蓝牙版；通道未注明,True,https://github.com/jaakkopasanen/AutoEq/blob/master/measurements/oratory1990/data/over-ear/Austrian%20Audio%20Hi-X15.csv
52,AKG K361-BT,curves/052-akg-k361-bt/Rtings__BK5128__K361wired.csv,RTINGS,B&K 5128,True,有线 K361（与 BT 版声学结构相同）,True,https://github.com/jaakkopasanen/AutoEq/blob/master/measurements/Rtings/data/over-ear/Bruel%20%26%20Kjaer%205128/AKG%20K361.csv
52,AKG K361-BT,curves/052-akg-k361-bt/oratory1990__GRAS43AG__K361wired.csv,oratory1990,GRAS 43AG-7,False,有线 K361,False,https://github.com/jaakkopasanen/AutoEq/blob/master/measurements/oratory1990/data/over-ear/AKG%20K361.csv
52,AKG K361-BT,curves/052-akg-k361-bt/Listener__KB006xClone__K361wired.csv,Listener squig (listener.squig.link),KB006x 仿制耳廓 + 711 类耦合器,False,有线 K361；L1/R1/L2/R2/L3/R3 共 6 条（3 次佩戴）平均,False,https://listener.squig.link/data/AKG%20K361%20L1.txt
52,AKG K361-BT,curves/052-akg-k361-bt/Kuulokenurkka__unknown__K361wired.csv,Kuulokenurkka,KB501x + 711 类耦合器,False,有线 K361,False,https://github.com/jaakkopasanen/AutoEq/blob/master/measurements/Kuulokenurkka/data/over-ear/AKG%20K361.csv
53,AKG K271 MkII,curves/053-akg-k271-mkii/oratory1990__GRAS43AG.csv,oratory1990,GRAS 43AG-7,False,出厂耳垫,True,https://github.com/jaakkopasanen/AutoEq/blob/master/measurements/oratory1990/data/over-ear/AKG%20K271%20MKII.csv
53,AKG K271 MkII,curves/053-akg-k271-mkii/Innerfidelity__HMS2_3.csv,Innerfidelity,Head Acoustics HMS II.3,False,未注明,False,https://github.com/jaakkopasanen/AutoEq/blob/master/measurements/Innerfidelity/data/over-ear/AKG%20K271%20MKII.csv
53,AKG K271 MkII,curves/053-akg-k271-mkii/HeadphonecomLegacy__HMS2_3.csv,Headphone.com Legacy,Head Acoustics HMS II.3,False,未注明,False,https://github.com/jaakkopasanen/AutoEq/blob/master/measurements/Headphone.com%20Legacy/data/over-ear/AKG%20K271%20MKII.csv
54,Fostex T40RP mk4,curves/054-fostex-t40rp-mk4/oratory1990__GRAS45BC10__Mk3.csv,oratory1990,GRAS 45BC-10 KEMAR,False,T40RP Mk3（非 mk4），原装耳垫,True,https://github.com/jaakkopasanen/AutoEq/blob/master/measurements/oratory1990/data/over-ear/Fostex%20T40RP%20Mk3.csv
54,Fostex T40RP mk4,curves/054-fostex-t40rp-mk4/Innerfidelity__HMSII3__Mk3.csv,Innerfidelity,Head Acoustics HMS II.3,False,T40RP Mk3（非 mk4）,False,https://github.com/jaakkopasanen/AutoEq/blob/master/measurements/Innerfidelity/data/over-ear/Fostex%20T40RP%20Mk3.csv
55,Rode NTH-100M,curves/055-rode-nth-100m/oratory1990__GRAS45BC10__NTH-100.csv,oratory1990,GRAS 45BC-10 KEMAR,False,NTH-100（同一耳机本体，无话筒）,True,https://github.com/jaakkopasanen/AutoEq/blob/master/measurements/oratory1990/data/over-ear/R%C3%98DE%20NTH-100.csv
55,Rode NTH-100M,curves/055-rode-nth-100m/Rtings__HMSII3.csv,RTINGS,Head Acoustics HMS II.3,False,NTH-100M 页面（样机为 NTH-100），L/R 平均（AutoEq 处理）,False,https://github.com/jaakkopasanen/AutoEq/blob/master/measurements/Rtings/data/over-ear/HMS%20II.3/R%C3%98DE%20NTH-100M.csv
55,Rode NTH-100M,curves/055-rode-nth-100m/Filk__KB006x_711.csv,Filk,IEC 711 clone（KB006x 耳廓 + 711）,False,NTH-100M，L/R 平均（AutoEq 处理）,False,https://github.com/jaakkopasanen/AutoEq/blob/master/measurements/Filk/data/over-ear/R%C3%98DE%20NTH-100M.csv
55,Rode NTH-100M,curves/055-rode-nth-100m/Kuulokenurkka__KB501x_711__NTH-100.csv,Kuulokenurkka,IEC 711 clone（KB501x 耳廓 + 711）,False,NTH-100，L/R 平均,False,https://github.com/jaakkopasanen/AutoEq/blob/master/measurements/Kuulokenurkka/data/over-ear/R%C3%98DE%20NTH-100.csv
55,Rode NTH-100M,curves/055-rode-nth-100m/Exound__unspecified__NTH-100_used_LRavg.csv,Exound (squig.link),未注明,False,NTH-100 二手样品，L/R 平均,False,https://exound.squig.link/data/RODE%20NTH-100%20L.txt
56,Shure SRH940,curves/056-shure-srh940/EarphonesArchive__BK5128.csv,Earphones Archive (squig.link),B&K 5128,True,原厂耳垫，L/R 平均,True,https://earphonesarchive.squig.link/headphones/data/Shure%20SRH940%20L.txt
56,Shure SRH940,curves/056-shure-srh940/Innerfidelity__HMS2_3.csv,Innerfidelity,Head Acoustics HMS II.3,False,原厂,False,https://github.com/jaakkopasanen/AutoEq/blob/master/measurements/Innerfidelity/data/over-ear/Shure%20SRH940.csv
56,Shure SRH940,curves/056-shure-srh940/HeadphoneCom_Legacy__HMS2_3.csv,Headphone.com Legacy,Head Acoustics HMS II.3,False,原厂,False,https://github.com/jaakkopasanen/AutoEq/blob/master/measurements/Headphone.com%20Legacy/data/over-ear/Shure%20SRH940.csv
57,Beyerdynamic DT 240 Pro,curves/057-beyerdynamic-dt-240-pro/Innerfidelity__HMS2_3.csv,Innerfidelity,Head Acoustics HMS II.3,False,原厂,True,https://github.com/jaakkopasanen/AutoEq/blob/master/measurements/Innerfidelity/data/over-ear/Beyerdynamic%20DT%20240%20Pro.csv
58,KRK KNS 6402,curves/058-krk-kns-6402/innerfidelity__hms__proxy-kns6400.csv,Innerfidelity (via AutoEq),HMS II.3,False,"proxy: KRK KNS 6400 (predecessor, identical spec sheet)",True,https://github.com/jaakkopasanen/AutoEq/tree/master/measurements/Innerfidelity/data/over-ear
58,KRK KNS 6402,curves/058-krk-kns-6402/headphonecom-legacy__hms__proxy-kns6400.csv,Headphone.com Legacy (via AutoEq),HMS (legacy),False,"proxy: KRK KNS 6400 (predecessor), cross-check",False,https://github.com/jaakkopasanen/AutoEq/tree/master/measurements/Headphone.com%20Legacy/data/over-ear
60,Beyerdynamic DT 150,curves/060-beyerdynamic-dt-150/Innerfidelity__HMS__250ohm.csv,Innerfidelity,Head Acoustics HMS II.3,False,250 Ω 版，原装耳垫，AutoEq 处理后数据,True,https://github.com/jaakkopasanen/AutoEq/blob/master/measurements/Innerfidelity/data/over-ear/Beyerdynamic%20DT%20150%20(250%20Ohm).csv
61,Yamaha HPH-MT220,curves/061-yamaha-hph-mt220/Innerfidelity__HMS.csv,Innerfidelity,Head Acoustics HMS II.3,False,原装版，AutoEq 处理后数据,True,https://github.com/jaakkopasanen/AutoEq/blob/master/measurements/Innerfidelity/data/over-ear/Yamaha%20HPH-MT220.csv
62,Phonon SMB-02,curves/062-phonon-smb-02/Innerfidelity__HMS2_3.csv,Innerfidelity,Head Acoustics HMS II.3,False,条目名 Phonon SMB2，推断为原版 40Ω；单条，通道未注明,True,https://github.com/jaakkopasanen/AutoEq/blob/master/measurements/Innerfidelity/data/over-ear/Phonon%20SMB2.csv
63,V-Moda M-200,curves/063-v-moda-m-200/oratory1990__GRAS43AG7.csv,oratory1990,GRAS 43AG-7,False,原装耳垫；单条，通道未注明,True,https://github.com/jaakkopasanen/AutoEq/blob/master/measurements/oratory1990/data/over-ear/V-MODA%20M-200.csv
64,Audeze LCD-2 Closed,curves/064-audeze-lcd-2-closed/oratory1990__GRAS43AG7.csv,oratory1990,GRAS 43AG-7,False,LCD-2 Closed Back 原厂耳垫；AutoEq 单条曲线,True,https://github.com/jaakkopasanen/AutoEq/blob/master/measurements/oratory1990/data/over-ear/Audeze%20LCD-2%20Closed%20Back.csv
64,Audeze LCD-2 Closed,curves/064-audeze-lcd-2-closed/SuperReview__711clone.csv,Super* Review,IEC 711 clone,False,LCD-2 Closed Back；通道处理未注明,False,https://github.com/jaakkopasanen/AutoEq/blob/master/measurements/Super%20Review/data/over-ear/Audeze%20LCD-2%20Closed%20Back.csv
65,Beyerdynamic DT 770 M,curves/065-beyerdynamic-dt-770-m/oratory1990__GRAS43AG7.csv,oratory1990,GRAS 43AG-7,False,80 Ω 唯一版本，原厂耳垫；AutoEq 单条曲线,True,https://github.com/jaakkopasanen/AutoEq/blob/master/measurements/oratory1990/data/over-ear/Beyerdynamic%20DT%20770%20M.csv
68,Focal Listen Pro,curves/068-focal-listen-pro/AuricularesArgentina__711clone.csv,Auriculares Argentina,IEC 711 clone (KB501x + 711),False,Listen Professional，L/R 平均（与 squig 站原始 L/R 文件核对，形状一致）,True,https://github.com/jaakkopasanen/AutoEq/blob/master/measurements/Auriculares%20Argentina/data/over-ear/Focal%20Listen%20Professional.csv
68,Focal Listen Pro,curves/068-focal-listen-pro/Innerfidelity__HMS__proxy-Listen-consumer.csv,Innerfidelity,Head Acoustics HMS II.3,False,代理：Focal Listen 消费版。关系证据：同为 40 mm Mylar/钛振膜、同一机壳平台，Pro 版换了耳垫并调整了调音,True,https://github.com/jaakkopasanen/AutoEq/blob/master/measurements/Innerfidelity/data/over-ear/Focal%20Listen.csv
69,Fostex TH-610,curves/069-fostex-th-610/Innerfidelity__HMS.csv,Innerfidelity,Head Acoustics HMS II.3,False,原装耳垫；AutoEq 处理后的单条曲线,True,https://github.com/jaakkopasanen/AutoEq/blob/master/measurements/Innerfidelity/data/over-ear/Fostex%20TH610.csv
69,Fostex TH-610,curves/069-fostex-th-610/oratory1990__GRAS__Dekoni-fenestrated-sheepskin.csv,oratory1990,GRAS 43AG-7,False,换装 Dekoni 开孔羊皮耳垫（非原装）,False,https://github.com/jaakkopasanen/AutoEq/blob/master/measurements/oratory1990/data/over-ear/Fostex%20TH610%20(Dekoni%20fenestrated%20Sheepskin%20Earpads).csv
70,Sennheiser HD 25 Light,curves/070-sennheiser-hd-25-light/Rtings__BK5128__proxy_HD25.csv,RTINGS,B&K 5128,True,代理：HD 25（现款 70 Ω）。关系证据：同系列简配款，结构和标称阻抗相同，多篇评测称声音接近,True,https://github.com/jaakkopasanen/AutoEq/blob/master/measurements/Rtings/data/over-ear/Bruel%20%26%20Kjaer%205128/Sennheiser%20HD%2025.csv
70,Sennheiser HD 25 Light,curves/070-sennheiser-hd-25-light/EarphonesArchive__BK5128__proxy_HD25-1II_LRavg.csv,Earphones Archive (squig.link),B&K 5128,True,代理：HD 25-1 II，L/R 平均。关系证据：同系列上一代，结构相同,True,https://earphonesarchive.squig.link/headphones/data/Sennheiser%20HD25-1%20II%20L.txt
70,Sennheiser HD 25 Light,curves/070-sennheiser-hd-25-light/oratory1990__GRAS43AG7__proxy_HD25-1II.csv,oratory1990,GRAS 43AG-7,False,代理：HD 25-1 II，密封良好。关系证据：同系列,False,https://github.com/jaakkopasanen/AutoEq/blob/master/measurements/oratory1990/data/over-ear/Sennheiser%20HD25-1%20II.csv
73,AKG K275,curves/073-akg-k275/EarphonesArchive__BK5128.csv,Earphones Archive (earphonesarchive.squig.link),B&K 5128,True,原厂耳垫；L/R 平均（R 文件为 AKG%20K275%20R.txt）；REW 导出，1/48 oct，数据日期 2024-12-17,True,https://earphonesarchive.squig.link/headphones/data/AKG%20K275%20L.txt
76,FiiO FT1,curves/076-fiio-ft1/EarphonesArchive__BK5128__center.csv,EarphonesArchive,B&K 5128,True,FT1 居中佩戴，L/R 平均,True,https://earphonesarchive.squig.link/headphones/data/Fiio%20FT1%20%28center%29%20L.txt
76,FiiO FT1,curves/076-fiio-ft1/EarphonesArchive__BK5128__back.csv,EarphonesArchive,B&K 5128,True,后移佩戴，L/R 平均,True,https://earphonesarchive.squig.link/headphones/data/Fiio%20FT1%20%28back%29%20L.txt
76,FiiO FT1,curves/076-fiio-ft1/EarphonesArchive__BK5128__front.csv,EarphonesArchive,B&K 5128,True,前移佩戴，L/R 平均,True,https://earphonesarchive.squig.link/headphones/data/Fiio%20FT1%20%28front%29%20L.txt
76,FiiO FT1,curves/076-fiio-ft1/EarphonesArchive__BK5128__up.csv,EarphonesArchive,B&K 5128,True,上移佩戴，L/R 平均,True,https://earphonesarchive.squig.link/headphones/data/Fiio%20FT1%20%28up%29%20L.txt
76,FiiO FT1,curves/076-fiio-ft1/EarphonesArchive__BK5128__down.csv,EarphonesArchive,B&K 5128,True,下移佩戴，L/R 平均,True,https://earphonesarchive.squig.link/headphones/data/Fiio%20FT1%20%28down%29%20L.txt
76,FiiO FT1,curves/076-fiio-ft1/oratory1990__GRAS43AG7.csv,oratory1990,GRAS 43AG-7,False,FT1（非 Pro）,False,https://github.com/jaakkopasanen/AutoEq/blob/master/measurements/oratory1990/data/over-ear/FiiO%20FT1.csv
76,FiiO FT1,curves/076-fiio-ft1/Sai_UnheardLab__GRAS43AG4__R.csv,Sai / unheardlab squig,GRAS 43AG-4,False,原厂耳垫，仅右声道（L 文件 404）,False,https://sai.squig.link/data/FT1%20R.txt
76,FiiO FT1,curves/076-fiio-ft1/Kuulokenurkka__KB501x711__LRavg.csv,Kuulokenurkka squig,KB501x + 711 类耦合器,False,L/R 平均,False,https://kuulokenurkka.squig.link/data/FT1%20%2A%2A%20L.txt
76,FiiO FT1,curves/076-fiio-ft1/GadgetryTech__KB006x__LRavg.csv,GadgetryTech squig,KB006x 仿制（711 类）,False,L/R 平均,False,https://gadgetrytech.squig.link/headsets/data/FiiO%20FT1%20L.txt
76,FiiO FT1,curves/076-fiio-ft1/SuperReview__unspecified.csv,Super Review,未注明,False,样品 1,False,https://github.com/jaakkopasanen/AutoEq/blob/master/measurements/Super%20Review/data/over-ear/FiiO%20FT1.csv
80,AIAIAI TMA-2 Studio,curves/080-aiaiai-tma-2-studio/Rtings__BK5128__proxy_TMA-2_DJ.csv,RTINGS,B&K 5128,True,代理：TMA-2 DJ 预设，关系证据：同为 TMA-2 模块化平台，但单元和贴耳 PU 耳垫与 Studio 的 S05+E08 不同,False,https://github.com/jaakkopasanen/AutoEq/blob/master/measurements/Rtings/data/over-ear/Bruel%20%26%20Kjaer%205128/Aiaiai%20TMA-2%20DJ.csv
80,AIAIAI TMA-2 Studio,curves/080-aiaiai-tma-2-studio/oratory1990__GRAS43AG__proxy_TMA-2_HD_Wireless.csv,oratory1990,GRAS 43AG-7,False,代理：TMA-2 HD Wireless，关系证据：同一 TMA-2 平台，但单元和耳罩组合不同,False,https://github.com/jaakkopasanen/AutoEq/blob/master/measurements/oratory1990/data/over-ear/Aiaiai%20TMA-2%20HD%20Wireless.csv
82,Ultrasone Signature Master,curves/082-ultrasone-signature-master/EarphonesArchive__BK5128__proxy_SigMasterMK2_s1.csv,Earphones Archive (squig.link),B&K 5128,True,代理：Signature Master MkII（样本1），L/R 平均；关系证据：Frieve 称 MkII 沿用 40mm 镀钛单元，改进在佩戴和平衡接口；渠道文案称其基本调音与前代 Signature MASTER 相同,True,https://earphonesarchive.squig.link/headphones/data/Ultrasone%20Signature%20Master%20MK2%20L.txt
82,Ultrasone Signature Master,curves/082-ultrasone-signature-master/EarphonesArchive__BK5128__proxy_SigMasterMK2_s2.csv,Earphones Archive (squig.link),B&K 5128,True,代理：Signature Master MkII（样本2），L/R 平均；关系证据同样本1,True,https://earphonesarchive.squig.link/headphones/data/Ultrasone%20Signature%20Master%20MK2%20(sample%202)%20L.txt
85,Sennheiser HD 620S,curves/085-sennheiser-hd-620s/EarphonesArchive__BK5128__LRavg.csv,EarphonesArchive,B&K 5128,True,样品1，原厂垫，L/R 平均,True,https://earphonesarchive.squig.link/headphones/data/Sennheiser%20HD620S%20L.txt
85,Sennheiser HD 620S,curves/085-sennheiser-hd-620s/EarphonesArchive__BK5128__sample2__LRavg.csv,EarphonesArchive,B&K 5128,True,样品2，原厂垫，L/R 平均,True,https://earphonesarchive.squig.link/headphones/data/Sennheiser%20HD620S%20(sample2)%20L.txt
85,Sennheiser HD 620S,curves/085-sennheiser-hd-620s/Rtings__BK5128.csv,RTINGS,B&K 5128,True,原厂垫,True,https://github.com/jaakkopasanen/AutoEq/blob/master/measurements/Rtings/data/over-ear/Bruel%20%26%20Kjaer%205128/Sennheiser%20HD%20620S.csv
85,Sennheiser HD 620S,curves/085-sennheiser-hd-620s/EarphonesArchive__BK5128__sample2_HD560SPads__LRavg.csv,EarphonesArchive,B&K 5128,True,样品2 换 HD 560S 耳垫（改装），L/R 平均,False,https://earphonesarchive.squig.link/headphones/data/Sennheiser%20HD620S%20(sample2%20-%20HD560S%20Pads)%20L.txt
85,Sennheiser HD 620S,curves/085-sennheiser-hd-620s/oratory1990__GRAS43AG7.csv,oratory1990,GRAS 43AG-7,False,原厂垫,False,https://github.com/jaakkopasanen/AutoEq/blob/master/measurements/oratory1990/data/over-ear/Sennheiser%20HD%20620S.csv
85,Sennheiser HD 620S,curves/085-sennheiser-hd-620s/Sai_unheardlab__GRAS43AG4__Ronly.csv,Sai / unheardlab,GRAS 43AG-4,False,仅 R 声道,False,https://sai.squig.link/data/HD620S%20R.txt
85,Sennheiser HD 620S,curves/085-sennheiser-hd-620s/Kuulokenurkka__KB501x711.csv,Kuulokenurkka,KEMAR KB501x + 711,False,原厂垫,False,https://github.com/jaakkopasanen/AutoEq/blob/master/measurements/Kuulokenurkka/data/over-ear/Sennheiser%20HD%20620S.csv
85,Sennheiser HD 620S,curves/085-sennheiser-hd-620s/Boizoff__KB501x__idealseal__LRavg.csv,Boizoff,KEMAR KB501x（细节未注明）,False,2025 样品，新原厂垫，理想密封，L/R 平均,False,"https://boizoff.squig.link/headphones/data/HD620S%20(2025%20sample,%20fresh%20stock%20pads,%20ideal%20seal)%20L.txt"
85,Sennheiser HD 620S,curves/085-sennheiser-hd-620s/Cammyfi__KB50xxClone__LRavg.csv,Cammyfi,KB50xx 仿制,False,L/R 平均,False,https://cammyfi.squig.link/headphones-clone/data/Sennheiser%20HD620S%20L.txt
85,Sennheiser HD 620S,curves/085-sennheiser-hd-620s/GadgetryTech__KB006x__LRavg.csv,GadgetryTech,KB006x + 仿制耦合器,False,L/R 平均,False,https://gadgetrytech.squig.link/headsets/data/Sennheiser%20HD%20620S%20L.txt
85,Sennheiser HD 620S,curves/085-sennheiser-hd-620s/Daemonxar__711clone__LRavg.csv,Daemonxar,IEC 711 clone,False,L/R 平均,False,https://daemonxar.squig.link/data/HD%20620S%20L.txt
85,Sennheiser HD 620S,curves/085-sennheiser-hd-620s/AuricularesArgentina__unspecified__LRavg.csv,Auriculares Argentina,未注明,False,L/R 平均,False,https://auricularesargentina.squig.link/data/hd%20620s%20L.txt
86,Ultrasone Pro 900i,curves/086-ultrasone-pro-900i/Innerfidelity__HMS2_3__proxy_PRO900.csv,Innerfidelity,Head Acoustics HMS II.3,False,代理：Ultrasone PRO 900，关系证据：900i 是 900 的改款，单元规格相同（40mm 镀钛、S-Logic Plus、40Ω），官方未确认调音一致,True,https://github.com/jaakkopasanen/AutoEq/blob/master/measurements/Innerfidelity/data/over-ear/Ultrasone%20PRO%20900.csv
86,Ultrasone Pro 900i,curves/086-ultrasone-pro-900i/HeadphoneCom_Legacy__HMS2_3__proxy_PRO900.csv,Headphone.com Legacy,Head Acoustics HMS II.3,False,代理：Ultrasone PRO 900，关系证据同上,True,https://github.com/jaakkopasanen/AutoEq/blob/master/measurements/Headphone.com%20Legacy/data/over-ear/Ultrasone%20PRO%20900.csv
88,Takstar PRO 82,curves/088-takstar-pro-82/oratory1990__GRAS43AG.csv,oratory1990,GRAS 43AG-7,False,低频拨杆档位未注明（推测接近 bass-1）,True,https://github.com/jaakkopasanen/AutoEq/blob/master/measurements/oratory1990/data/over-ear/Takstar%20Pro%2082.csv
88,Takstar PRO 82,curves/088-takstar-pro-82/Sai_unheardlab__GRAS43AG4__bass1.csv,Sai (sai.squig.link / unheardlab),GRAS 43AG-4,False,低频档 1；只有 R 声道（L.txt 404）,False,https://sai.squig.link/data/Pro82%20bass-1%20R.txt
88,Takstar PRO 82,curves/088-takstar-pro-82/Sai_unheardlab__GRAS43AG4__bass2.csv,Sai (sai.squig.link / unheardlab),GRAS 43AG-4,False,低频档 2；只有 R 声道,False,https://sai.squig.link/data/Pro82%20bass-2%20R.txt
88,Takstar PRO 82,curves/088-takstar-pro-82/Sai_unheardlab__GRAS43AG4__bass3.csv,Sai (sai.squig.link / unheardlab),GRAS 43AG-4,False,低频档 3；只有 R 声道,False,https://sai.squig.link/data/Pro82%20bass-3%20R.txt
88,Takstar PRO 82,curves/088-takstar-pro-82/Sai_unheardlab__GRAS43AG4__bass1_75ohm.csv,Sai (sai.squig.link / unheardlab),GRAS 43AG-4,False,低频档 1 + 75 Ω 适配器；只有 R 声道,False,https://sai.squig.link/data/Pro82%20bass-1%20with%2075%20ohms%20adapter%20R.txt
89,Status Audio CB-1,curves/089-status-audio-cb-1/Innerfidelity__HMSII3.csv,Innerfidelity,Head Acoustics HMS II.3,False,SM-CB1（即 CB-1）,True,https://github.com/jaakkopasanen/AutoEq/blob/master/measurements/Innerfidelity/data/over-ear/Status%20Audio%20SM-CB1.csv
93,Audio-Technica ATH-M30x,curves/093-audio-technica-ath-m30x/Rtings__HMSII3.csv,RTINGS,Head Acoustics HMS II.3,False,标准版，单一文件（AutoEq 未注明左右声道处理方式）,True,https://github.com/jaakkopasanen/AutoEq/blob/master/measurements/Rtings/data/over-ear/HMS%20II.3/Audio-Technica%20ATH-M30x.csv
94,Takstar PRO 80,curves/094-takstar-pro-80/Innerfidelity__HMS2_3.csv,Innerfidelity,Head Acoustics HMS II.3,False,原厂耳垫，可能是早期批次,True,https://github.com/jaakkopasanen/AutoEq/blob/master/measurements/Innerfidelity/data/over-ear/Takstar%20Pro%2080.csv
96,Mackie MC-250,curves/096-mackie-mc-250/oratory1990__GRAS43AG7.csv,oratory1990,GRAS 43AG-7,False,原厂耳垫,True,https://github.com/jaakkopasanen/AutoEq/blob/master/measurements/oratory1990/data/over-ear/Mackie%20MC-250.csv
98,Pioneer DJ HDJ-X7,curves/098-pioneer-dj-hdj-x7/Listener__KB006x_clone__LR_avg_3seat.csv,Listener (listener.squig.link),KEMAR KB006x 仿制耳廓 + 仿制耳模拟器（711 仿制类）,False,L1-L3 与 R1-R3 共 6 次佩戴，L/R 平均；REW 2022-11-14 测量，1/24 倍频程平滑,True,https://listener.squig.link/data/Pioneer%20HDJ-X7%20L1.txt
99,Ultrasone Pro 580i,curves/099-ultrasone-pro-580i/EarphonesArchive__BK5128__proxy_HFI-580_cablemod.csv,Earphones Archive,B&K 5128,True,代理：Ultrasone HFI-580（可拆线改装机），默认耳垫，L/R 平均；关系证据：同为 32Ω、50mm Mylar、S-Logic 封闭，Pro 580i 是其后继型号，用户评测称声音非常接近,True,https://earphonesarchive.squig.link/headphones/
99,Ultrasone Pro 580i,curves/099-ultrasone-pro-580i/EarphonesArchive__BK5128__proxy_HFI-580_cablemod_K371pads.csv,Earphones Archive,B&K 5128,True,代理：Ultrasone HFI-580（改装机）换 Ali K371 耳垫，L/R 平均；关系证据同上,False,https://earphonesarchive.squig.link/headphones/
99,Ultrasone Pro 580i,curves/099-ultrasone-pro-580i/HeadphoneComLegacy__Legacy__proxy_HFI-580.csv,Headphone.com Legacy (AutoEq),未注明（旧 Headphone.com 台架）,False,代理：Ultrasone HFI-580；关系证据同上,False,https://github.com/jaakkopasanen/AutoEq/blob/master/measurements/Headphone.com%20Legacy/data/over-ear/Ultrasone%20HFI-580.csv
100,Beyerdynamic DT 100,curves/100-beyerdynamic-dt-100/Innerfidelity__HMSII3__2kOhm.csv,Innerfidelity (AutoEq),Head Acoustics HMS II.3,False,2kΩ 老版本（非 400Ω 版）,True,https://github.com/jaakkopasanen/AutoEq/blob/master/measurements/Innerfidelity/data/over-ear/Beyerdynamic%20DT%20100%20(2x%202k%20Ohm).csv
101,V-Moda M-100 Master,curves/101-v-moda-m-100-master/unheardlab__GRAS43AG4.csv,unheardlab (sai.squig.link),GRAS 43AG-4,False,M-100 Master 本型号，L/R 平均,True,https://sai.squig.link/data/Crossfade%20M100%20Master%20L.txt
101,V-Moda M-100 Master,curves/101-v-moda-m-100-master/Innerfidelity__HMSII3__proxy_M100.csv,Innerfidelity (AutoEq),Head Acoustics HMS II.3,False,代理：前代 Crossfade M-100，关系证据：同系列前代，同为 50mm 双振膜设计，Master 为改版,False,https://github.com/jaakkopasanen/AutoEq/blob/master/measurements/Innerfidelity/data/over-ear/V-MODA%20Crossfade%20M-100.csv
102,Ultrasone Signature Pure,curves/102-ultrasone-signature-pure/EarphonesArchive__BK5128__White.csv,EarphonesArchive,B&K 5128,True,Signature Pure White（白色版），L/R 平均,True,https://earphonesarchive.squig.link/headphones/data/Ultrasone%20Signature%20Pure%20White%20L.txt
102,Ultrasone Signature Pure,curves/102-ultrasone-signature-pure/unheardlab__GRAS43AG4__White_R_only.csv,unheardlab (sai.squig.link),GRAS 43AG-4,False,Signature Pure White，原装耳垫，仅右声道,False,https://sai.squig.link/data/Signature%20Pure%20White%20R.txt
102,Ultrasone Signature Pure,curves/102-ultrasone-signature-pure/kr0mka__unspecified.csv,kr0mka (AutoEq),未注明,False,版本不明,False,https://github.com/jaakkopasanen/AutoEq/blob/master/measurements/kr0mka/data/over-ear/Ultrasone%20Signature%20Pure.csv
103,Sennheiser HD 200 Pro,curves/103-sennheiser-hd-200-pro/EarphonesArchive__BK5128.csv,Earphones Archive squig,B&K 5128,True,原装耳垫，L/R 平均,True,https://earphonesarchive.squig.link/headphones/data/Sennheiser%20HD200%20Pro%20L.txt
103,Sennheiser HD 200 Pro,curves/103-sennheiser-hd-200-pro/Listener__KB006x711.csv,Listener squig,IEC 711 clone（60318-4 + KB006x 仿制耳廓）,False,3 次佩戴 L1-3/R1-3 共 6 条平均，2022-11 测量,False,https://listener.squig.link/data/Sennheiser%20HD200%20Pro%20L1.txt
103,Sennheiser HD 200 Pro,curves/103-sennheiser-hd-200-pro/Boizoff__KB501X711__realistic_seal.csv,Boizoff squig,IEC 711 clone（60318-4 + KB501X 仿制耳廓）,False,2025 年样品，新原装耳垫，接近实际佩戴的密封，L/R 平均,False,"https://boizoff.squig.link/headphones/data/HD200%20Pro%20(2025%20sample,%20stock%20fresh%20pads,%20kind%20of%20realistic%20seal)%20L.txt"
103,Sennheiser HD 200 Pro,curves/103-sennheiser-hd-200-pro/Boizoff__KB501X711__ideal_seal.csv,Boizoff squig,IEC 711 clone（60318-4 + KB501X 仿制耳廓）,False,2025 年样品，新原装耳垫，理想密封，L/R 平均,False,"https://boizoff.squig.link/headphones/data/HD200%20Pro%20(2025%20sample,%20stock%20fresh%20pads,%20ideal%20seal)%20L.txt"
104,AKG K92,curves/104-akg-k92/oratory1990__GRAS43AG7.csv,oratory1990 (AutoEq),GRAS 43AG-7,False,原装耳垫,True,https://github.com/jaakkopasanen/AutoEq/blob/master/measurements/oratory1990/data/over-ear/AKG%20K92.csv
107,Superlux HD662F,curves/107-superlux-hd662f/oratory1990__GRAS43AG7.csv,oratory1990,GRAS 43AG-7,False,原装耳垫,True,https://github.com/jaakkopasanen/AutoEq/blob/master/measurements/oratory1990/data/over-ear/Superlux%20HD%20662F.csv
107,Superlux HD662F,curves/107-superlux-hd662f/oratory1990__GRAS43AG7__BrainwavzXL.csv,oratory1990,GRAS 43AG-7,False,Brainwavz 圆形 XL 皮质耳垫,False,https://github.com/jaakkopasanen/AutoEq/blob/master/measurements/oratory1990/data/over-ear/Superlux%20HD%20662F%20(Brainwavz%20round%20XL%20pleather%20earpads).csv
109,Audio-Technica ATH-M20x,curves/109-audio-technica-ath-m20x/oratory1990__GRAS43AG7.csv,oratory1990,GRAS 43AG-7,False,单一版本,True,https://github.com/jaakkopasanen/AutoEq/blob/master/measurements/oratory1990/data/over-ear/Audio-Technica%20ATH-M20x.csv
109,Audio-Technica ATH-M20x,curves/109-audio-technica-ath-m20x/Rtings__HMSII3.csv,RTINGS,Head Acoustics HMS II.3,False,单一版本（RTINGS 旧测试台）,False,https://github.com/jaakkopasanen/AutoEq/blob/master/measurements/Rtings/data/over-ear/HMS%20II.3/Audio-Technica%20ATH-M20x.csv
109,Audio-Technica ATH-M20x,curves/109-audio-technica-ath-m20x/AudioAmigo__KEMAR.csv,AudioAmigo squig,KEMAR KB50xx 类（耦合器未注明）,False,仅 L 声道（R 文件 404）,False,https://audioamigo.squig.link/headphones/data/Audio%20Technica%20M20x%20L.txt
110,Superlux HD660PRO,curves/110-superlux-hd660pro/oratory1990__GRAS43AG7__150ohm.csv,oratory1990,GRAS 43AG-7,False,150 Ω 版，原装耳垫,True,https://github.com/jaakkopasanen/AutoEq/blob/master/measurements/oratory1990/data/over-ear/Superlux%20HD%20660%20Pro%20150%20Ohm.csv
112,AKG K182,curves/112-akg-k182/EarphonesArchive__BK5128.csv,Earphones Archive (squig.link),B&K 5128,True,原装耳垫；L/R 平均（R.txt 在同一目录）；REW 导出，1/48 oct，2024-11-03,True,https://earphonesarchive.squig.link/headphones/data/AKG%20K182%20L.txt
113,Ultrasone Pro 480i,curves/113-ultrasone-pro-480i/EarphonesArchive__BK5128.csv,Earphones Archive squig,B&K 5128,True,原装耳垫；L/R 平均（左声道 4.2 kHz 有深陷）,True,https://earphonesarchive.squig.link/headphones/data/Ultrasone%20PRO%20480i%20L.txt
114,Shure SRH750DJ,curves/114-shure-srh750dj/Innerfidelity__HMSII3.csv,Innerfidelity,Head Acoustics HMS II.3,False,原装耳垫；低频明显漏气,True,https://github.com/jaakkopasanen/AutoEq/blob/master/measurements/Innerfidelity/data/over-ear/Shure%20SRH750DJ.csv
114,Shure SRH750DJ,curves/114-shure-srh750dj/HeadphoneComLegacy__HMSII3.csv,Headphone.com Legacy,Head Acoustics HMS II.3,False,原装耳垫,True,https://github.com/jaakkopasanen/AutoEq/blob/master/measurements/Headphone.com%20Legacy/data/over-ear/Shure%20SRH750DJ.csv
117,AKG K72,curves/117-akg-k72/oratory1990__GRAS43AG7.csv,oratory1990,GRAS 43AG-7,False,原装耳垫，AutoEq 收录的单条曲线,True,https://github.com/jaakkopasanen/AutoEq/blob/master/measurements/oratory1990/data/over-ear/AKG%20K72.csv
119,ISK HP-980,curves/119-isk-hp-980/Filk__unknown__proxy_HD9999_thinpads.csv,Filk (AutoEq),未注明,False,代理：iSK HD-9999（薄耳垫），关系证据：2ch 匿名帖称 HP-980 即薄耳垫版 HD9999；Gearspace 用户称两者单元设计几乎一样；两者都是 50 mm / 32 Ω,True,https://github.com/jaakkopasanen/AutoEq/blob/master/measurements/Filk/data/over-ear/iSK HD-9999 (thin earpads).csv
119,ISK HP-980,curves/119-isk-hp-980/Filk__unknown__proxy_HD9999_thickpads.csv,Filk (AutoEq),未注明,False,代理：iSK HD-9999（厚耳垫），关系证据同上；只作对照,False,https://github.com/jaakkopasanen/AutoEq/blob/master/measurements/Filk/data/over-ear/iSK HD-9999 (thick earpads).csv
122,Pioneer DJ HDJ-X5,curves/122-pioneer-dj-hdj-x5/listener__kb006x-711.csv,listener.squig.link (Listener's Graph Database),IEC 60318-4 (711) coupler + clone KB006x pinna,False,"L1-L3/R1-R3 six seatings averaged, L/R mean",True,https://listener.squig.link/?share=Pioneer_HDJ-X5
123,Superlux HD662,curves/123-superlux-hd662/oratory1990__GRAS43AG__proxy-HD662F.csv,oratory1990,GRAS 43AG-7,False,代理：HD662F（原装耳垫），关系证据：同一 HD662 家族的可折叠版,True,https://github.com/jaakkopasanen/AutoEq/blob/master/measurements/oratory1990/data/over-ear/Superlux%20HD%20662F.csv
123,Superlux HD662,curves/123-superlux-hd662/oratory1990__GRAS43AG__proxy-HD662F-BrainwavzXL.csv,oratory1990,GRAS 43AG-7,False,代理：HD662F，换 Brainwavz 圆形 XL 皮耳垫；关系证据同上,False,https://github.com/jaakkopasanen/AutoEq/blob/master/measurements/oratory1990/data/over-ear/Superlux%20HD%20662F%20(Brainwavz%20round%20XL%20pleather%20earpads).csv
124,Superlux HD660,curves/124-superlux-hd660/oratory1990__GRAS43AG.csv,oratory1990,GRAS 43AG-7,False,原版 HD660 150Ω，原装耳垫,True,https://github.com/jaakkopasanen/AutoEq/blob/master/measurements/oratory1990/data/over-ear/Superlux%20HD%20660.csv
124,Superlux HD660,curves/124-superlux-hd660/oratory1990__GRAS43AG__proxy-HD660Pro150.csv,oratory1990,GRAS 43AG-7,False,代理：HD660 Pro 150Ω，关系证据：同名后继型号、同为 40mm 封闭设计，但调音明显更暖，仅作对照,False,https://github.com/jaakkopasanen/AutoEq/blob/master/measurements/oratory1990/data/over-ear/Superlux%20HD%20660%20Pro%20150%20Ohm.csv
125,AKG K52,curves/125-akg-k52/oratory1990__GRAS43AG7.csv,oratory1990,GRAS 43AG-7,False,原装耳垫,True,https://github.com/jaakkopasanen/AutoEq/blob/master/measurements/oratory1990/data/over-ear/AKG%20K52.csv
125,AKG K52,curves/125-akg-k52/AuricularesArgentina__IEC711clone_KB501x.csv,Auriculares Argentina,IEC 711 clone (KB501x pinna),False,原装耳垫，AutoEq 汇总,False,https://github.com/jaakkopasanen/AutoEq/blob/master/measurements/Auriculares%20Argentina/data/over-ear/AKG%20K52.csv
127,Tascam TH-200X,curves/127-tascam-th-200x/Listener__KB006x_clone.csv,Listener (listener.squig.link),KB006x 仿制耳廓 + 耦合器（仿制台架）,False,L/R 平均（L1-L3、R1-R3 共 6 次佩戴），2022-11 测量,True,https://listener.squig.link/data/Tascam%20TH200x%20L1.txt
132,Superlux HD662B,curves/132-superlux-hd662b/oratory1990__GRAS43AG7__proxy_HD662F.csv,oratory1990,GRAS 43AG-7,False,代理：HD662F，关系证据：同属 HD662 系列、标称规格相同（32Ω/98dB/50mm），但没有同单元的证据；叉烧网的对比图显示 662B 与 662 系列其他型号曲线不同,False,https://github.com/jaakkopasanen/AutoEq/blob/master/measurements/oratory1990/data/over-ear/Superlux%20HD%20662F.csv
133,Shure SRH240A,curves/133-shure-srh240a/Rtings__HMSII3__SRH240.csv,RTINGS,Head Acoustics HMS II.3,False,代理：SRH240（前代非A），关系证据：同系列前代、同为 40mm 动圈封闭耳机，声学是否相同未核实,True,https://github.com/jaakkopasanen/AutoEq/blob/master/measurements/Rtings/data/over-ear/HMS%20II.3/Shure%20SRH240.csv
133,Shure SRH240A,curves/133-shure-srh240a/HeadphoneComLegacy__HMSII3__SRH240.csv,Headphone.com Legacy,Head Acoustics HMS II.3,False,代理：SRH240（前代非A），同上；低频缺得更多，疑为佩戴密封差异,False,https://github.com/jaakkopasanen/AutoEq/blob/master/measurements/Headphone.com%20Legacy/data/over-ear/Shure%20SRH240.csv
139,Audio-Technica ATH-M20xBT,curves/139-audio-technica-ath-m20xbt/oratory1990__GRAS43AG7__proxy_M20x.csv,oratory1990,GRAS 43AG-7,False,代理：有线 ATH-M20x，关系证据：厂商定位 M20xBT 为 M20x 无线版、同为40mm单元；用户称声音签名一致；未证实调音完全相同,True,https://github.com/jaakkopasanen/AutoEq/blob/master/measurements/oratory1990/data/over-ear/Audio-Technica%20ATH-M20x.csv
139,Audio-Technica ATH-M20xBT,curves/139-audio-technica-ath-m20xbt/Rtings__HMSII3__proxy_M20x.csv,RTINGS,Head Acoustics HMS II.3,False,代理：有线 ATH-M20x（RTINGS 旧测试台 1.x），关系证据同上,False,https://github.com/jaakkopasanen/AutoEq/blob/master/measurements/Rtings/data/over-ear/HMS%20II.3/Audio-Technica%20ATH-M20x.csv
140,Audio-Technica ATH-PRO5X,curves/140-audio-technica-ath-pro5x/elrics__711kb50xx__ath-pro5-predecessor-modded.csv,elrics (squig.link lab),IEC 711 clone + KB50xx pinna clone,False,前代 ATH-PRO5（代数未标），经 AlpineSnow 改装；L/R 平均；非 PRO5X,False,https://squig.link/lab/elrics/headphones/data/Audio%20Technica%20ATH-PRO5%20L.txt
142,OneOdio Studio Max 2,curves/142-oneodio-studio-max-2/jaytiss__unknown-rig__proxy-studiomax1.csv,jaytiss squig (headphones),unknown (hobbyist),False,"proxy: OneOdio Studio Max 1 (previous gen, 50mm driver), L/R avg",False,https://jaytiss.squig.link/headphones/data/StudioMax1 L.txt
142,OneOdio Studio Max 2,curves/142-oneodio-studio-max-2/joycesreview__unknown-rig__proxy-studiomax1.csv,joycesreview squig,unknown (hobbyist),False,"proxy: OneOdio Studio Max 1 (previous gen, 50mm driver), L/R avg",False,https://squig.link/lab/joycesreview/data/OneOdio Studio Max 1 L.txt
145,Superlux HD330,curves/145-superlux-hd330/RAA__HDMX__LR_avg.csv,Reference Audio Analyzer,RAA HDM-X（自家头模，非标准台架）,False,150Ω 标准版；Summary (Right + Left) L/R 汇总；由页面 canvas 绘图坐标按自带坐标轴换算，251 点,True,https://reference-audio-analyzer.pro/en/report/hp/superlux-hd-330.php
149,Mackie MC-100,curves/149-mackie-mc-100/raa__hdmx.csv,Reference Audio Analyzer (canvas vector decode),RAA HDM-X,False,L+R Summary,True,https://reference-audio-analyzer.pro/en/report/hp/mackie-mc-100.php
149,Mackie MC-100,curves/149-mackie-mc-100/raa__hdmx__raa_target_v1.csv,Reference Audio Analyzer target (canvas vector decode),RAA HDM-X,False,"RAA Target v1 @ HDM-X (Harman Bass 2018 correction), reference only",False,https://reference-audio-analyzer.pro/en/report/hp/mackie-mc-100.php
150,Tascam TH-07,curves/150-tascam-th-07/ASR__GRAS45C__LR_avg.csv,Audio Science Review,GRAS 45C,False,原厂耳垫；L/R 平均；CC BY-NC-SA 4.0,True,https://www.audiosciencereview.com/forum/index.php?attachments/tascam-th-07-frequency-response-measurements-headphone-zip.128204/
152,OneOdio Pro-50,curves/152-oneodio-pro-50/musicafe__711.csv,MusiCafé squig (headphones),未公开（推测 711 仿制+耳廓）,False,L/R average; file internal name 'OneOdio Studio 50',True,https://musicafe.squig.link/headphones/data/OneOdio%20Pro%2050%20L.txt
154,Pioneer DJ HDJ-CUE1,curves/154-pioneer-dj-hdj-cue1/Rtings__HMSII3__CUE1BT.csv,RTINGS（AutoEq）,Head Acoustics HMS II.3,False,蓝牙版 HDJ-CUE1BT（同外形、官方称同单元，可能有 DSP）；AutoEq 处理后的双耳数据,True,https://github.com/jaakkopasanen/AutoEq/blob/master/measurements/Rtings/data/over-ear/HMS%20II.3/Pioneer%20DJ%20HDJ-CUE1BT.csv
157,Monoprice Modern Retro,curves/157-monoprice-modern-retro/oratory1990__GRAS43AG.csv,oratory1990,GRAS 43AG-7,False,原装耳垫（PDF 标注 with perfect seal）,True,https://github.com/jaakkopasanen/AutoEq/blob/master/measurements/oratory1990/data/over-ear/Monoprice Modern Retro.csv
157,Monoprice Modern Retro,curves/157-monoprice-modern-retro/oratory1990__GRAS43AG__DekoniEliteHybrid.csv,oratory1990,GRAS 43AG-7,False,Dekoni Elite Hybrid 耳垫,False,https://github.com/jaakkopasanen/AutoEq/blob/master/measurements/oratory1990/data/over-ear/Monoprice Modern Retro (Dekoni elite hybrid earpads).csv
161,OneOdio Pro-10,curves/161-oneodio-pro-10/SupOrSalad__711clone__R_only.csv,SupOrSalad (squig.link),IEC 711 clone + KB50xx 仿制耳廓（DIY）,False,Pro-10 Studio；仅 R 声道（L.txt 404）；REW 多次佩戴平均，2024-01-21,True,https://suporsalad.squig.link/headphones/data/OneOdio%20Pro%2010%20R.txt
165,Tascam TH-02,curves/165-tascam-th-02/Rtings__HMSII3.csv,RTINGS,Head Acoustics HMS II.3,False,原装耳垫；AutoEq 处理后的单条数据,True,https://github.com/jaakkopasanen/AutoEq/blob/master/measurements/Rtings/data/over-ear/HMS%20II.3/Tascam%20TH-02.csv
166,Monoprice 8323,curves/166-monoprice-8323/Innerfidelity__HMSII3.csv,Innerfidelity,Head Acoustics HMS II.3,False,旧批次；AutoEq 处理后的单条数据,True,https://github.com/jaakkopasanen/AutoEq/blob/master/measurements/Innerfidelity/data/over-ear/Monoprice%208323.csv
173,Superlux HD651,curves/173-superlux-hd651/oratory1990__GRAS43AG.csv,oratory1990,GRAS 43AG-7,False,原装耳垫，通道未注明,True,https://github.com/jaakkopasanen/AutoEq/blob/master/measurements/oratory1990/data/over-ear/Superlux%20HD%20651.csv
