id,rank,brand,model,price,status,wear,driver,role,impedance_ohm,sensitivity_value,sensitivity_unit,drive,drive_est,analytical_score,sound_quality,music_listening,overall,expected,value,critical,board_ok,ref_dev_min,ref_dev_max,ref_dev_n,ref_dev_rigs,isolation,evidence_level,confidence,curve_tier,signature_zh,verdict_zh,scoring_basis,curve_count,report
sennheiser-hd-480-pro,1,Sennheiser,HD 480 Pro,399.0,在售,over-ear,动圈38mm,混音母带/录音,130,98,dB/mW,27.8,False,50,85,84,84.5,72.5,12.0,65.8,True,1.5,1.7,4,5128,high,measured,high,5128,暖向准中性：5128 实测超低频比偏好中性多约 3-5 dB，中低频适中，200Hz 有窄凹陷，中频平直，1-6kHz 比偏好中性略低，4kHz 有凹陷，10kHz 以上偏暗；听感放松,舒适、能长时间工作的暖向准中性封闭监听。4 个 B&K 5128 样本高度一致，品控好；超低频有量感，高频收敛，不会放大瑕疵，挑错力中等偏弱（曲线重校 55→50）；录音、混音和听歌都很好；低频依赖耳垫密封,Earphones Archive B&K 5128 样本1居中佩戴（L/R 平均），对 5128 DF 运行 fr_analyze，并用样本 2-4 交叉核对；RTINGS 汇总值与 711 仿制台架曲线只作佐证（注：研究 agent 打分时对照的是 5128 扩散场系的基线；本页默认画的参考是 LMG 目标，低频比带 −1 dB/oct 倾斜的扩散场多约 3 dB、比不带倾斜的多约 8 dB，两条扩散场基线都可在图例里打开）,15,reports/sennheiser-hd-480-pro.html
sennheiser-hd-480-pro-plus,2,Sennheiser,HD 480 Pro Plus,439.0,在售,over-ear,动圈38mm,混音母带/录音,130,98,dB/mW,27.8,False,50,85,84,84.5,73.3,11.2,65.8,True,1.5,1.7,4,5128,high,measured-twin,medium,twin,与 HD 480 Pro 声学相同：暖向准中性，5128 实测超低频有额外量感，中频平直，1-6kHz 略收，4kHz 有凹陷，极高频偏暗,与标准版是同一副耳机，多花 40 美元只换来硬壳旅行箱，声音没有差别；按标准版的 5128 曲线重校后，挑错度由 55 调为 50,标准版 HD 480 Pro 的 Earphones Archive B&K 5128 样本1居中佩戴曲线（L/R 平均，对 5128 DF 运行 fr_analyze）；Plus 仅配件不同，属同型号推断（注：研究 agent 打分时对照的是 5128 扩散场系的基线；本页默认画的参考是 LMG 目标，低频比带 −1 dB/oct 倾斜的扩散场多约 3 dB、比不带倾斜的多约 8 dB，两条扩散场基线都可在图例里打开）,5,reports/sennheiser-hd-480-pro-plus.html
austrian-audio-hi-x60,3,Austrian Audio,Hi-X60,399.0,在售,over-ear,动圈44mm,混音母带/录音,25,110,dB/V,30.4,False,67,82,72,77.0,72.5,4.5,73.8,True,1.53,2.31,2,5128 gras45,high,measured,high,5128,B&K 5128 实测：低频比 DF 高 4–7 dB，正好落在偏好中性区间；200 Hz–3 kHz 比 DF 低 1–2 dB，属于中性；6–10 kHz 比 DF 高约 2 dB，所以比偏好中性略亮；约 2.85 kHz 和 6.8 kHz 有窄峰。整体是接近中性的监听调音,失真极低、好推，5128 与 oratory1990 都显示低频和中频接近中性，挑错和听歌都能胜任；6–7 kHz 一带略亮，部分印证了 ASR 和 DIY 说的偏亮；佩戴舒适度评价有分歧,以 Earphones Archive 的 B&K 5128 曲线（L/R 平均）为主，对照 5128 DF 并换算到偏好中性；oratory1990 的 GRAS 曲线作佐证（注：研究 agent 打分时对照的是 5128 扩散场系的基线；本页默认画的参考是 LMG 目标，低频比带 −1 dB/oct 倾斜的扩散场多约 3 dB、比不带倾斜的多约 8 dB，两条扩散场基线都可在图例里打开）,4,reports/austrian-audio-hi-x60.html
beyerdynamic-dt-1770-pro-mkii,4,Beyerdynamic,DT 1770 Pro MkII,699.0,在售,over-ear,Tesla 45mm,混音母带审听,30,95,dB/mW,34.8,False,57,81,72,76.5,77.5,-1.0,67.8,True,2.73,2.73,1,5128,high,measured,high,5128,MkII 的 B&K 5128 实测：超低频比 DF 高 8–10 dB，中低频高约 5–6 dB，比偏好中性多 2–5 dB；200 Hz–6 kHz 比 DF 低 1–2 dB，presence 略退后；约 7.9 kHz 有 +8 dB 窄峰，前面紧挨一个凹陷。属于低频厚、齿音区带尖峰的暖调 V/U 形,做工、解析和声场一线，但 MkII 的 5128 数据确认它低频偏多，约 8 kHz 有强窄峰，并没有驯服前代的尖峰；挑错能力主要来自这个尖峰；适合喜欢低频量感的人，前端输出阻抗宜低于 10 Ω,以 Earphones Archive 的 MkII B&K 5128 曲线为主（天鹅绒耳垫 L/R 平均，皮质耳垫只有 R 声道），GadgetryTech 的 MkII 曲线作佐证；MkI 数据只作参照,7,reports/beyerdynamic-dt-1770-pro-mkii.html
sony-mdr-m1,5,Sony,MDR-M1,249.0,在售,over-ear,动圈40mm,混音母带,50,102,dB/mW,53.2,False,50,79,80,79.5,68.3,11.2,63.1,True,,,0,,high,measured,medium,raw,中性偏暖：比 Harman 低频多约 3dB、下潜深、200Hz 略凹，中频贴合目标，3-6kHz 缺约 5-6dB（约 4kHz 凹陷），8kHz 附近可能有窄峰（两台架幅度不一）,轻便舒适的现代监听；两条耳廓仿制件台架的曲线都显示暖向、宽松，适合长时间混音与听歌，高频空气感与挑错锐度有所保留；目前没有 5128 或 GRAS 数据,Kuulokenurkka（KB501x+711）与 GadgetryTech（KB006x）两条耳廓仿制件曲线互相印证，对照 Harman OE 2018，只作方向参考；没有找到 5128 或 GRAS 数据,3,reports/sony-mdr-m1.html
beyerdynamic-dt-1770-pro,6,Beyerdynamic,DT 1770 Pro,369.99,停产,over-ear,Tesla 45mm,混音母带审听,250,102,dB/mW,31.4,False,52,75,68,71.5,71.8,-0.3,62.4,True,2.1,2.48,2,gras45 hms,high,measured,medium,raw,初代 250Ω（oratory1990 GRAS 45BC KEMAR 对 Harman OE 2018，500Hz-1kHz 对齐）：绒布垫超低频与 Harman 持平（20-60Hz +0.1dB）、60-200Hz 仅 +2.3dB，200-500Hz -1.1dB；1-3kHz -1.8dB、3-6kHz -4.1dB（约 4.3kHz 有 -7.0dB 深谷），人声存在感明显凹陷；6-10kHz +1.0dB 但约 8.1kHz 有 +5.1dB 窄峰，10kHz 以上 -2.1dB，整体倾斜 -4.4dB，偏暗。皮垫更暖更暗：60-200Hz +5.3dB、倾斜 -8.7dB、4.4kHz 谷 -8.5dB。Rtings HMS II.3 上 8.7kHz 峰 +6.5dB，证实该尖峰是耳机本身特性,初代（厂方称 MKI）250Ω 版已停产：beyerdynamic 官网 /p/dt-1770-pro 已 308 永久跳转到 MKII，产品 sitemap 里只剩 MKII，欧洲站仅存 B-Stock 页且显示 SOLD OUT，零售渠道只剩清仓库存。声音是典型老款 Tesla 封闭：低频量感克制不糊、隔音与全金属做工是强项，但 3-6kHz 存在感凹陷加约 4.3kHz 的 -7dB 深谷让人声发空，整体偏暗（倾斜 -4.4dB），同时 8.1kHz 的 +5dB 窄峰仍会放大齿音和镲片。挑错力弱于更亮的 DT 770 Pro（锚点 55），技术素质与平滑度被 MKII 超越；250Ω 需要耳放，只在清仓/二手价位值得买,勘误时发现原先的分数是按后继型号的曲线打的，已改按本型号自己的打分级曲线重新评分，详见评测报告顶部的勘误。,8,reports/beyerdynamic-dt-1770-pro.html
neumann-ndh-20,7,Neumann,NDH 20,499.0,在售,over-ear,动圈38mm,混音母带,150,114,dB/V,50.1,False,50,78,68,73.0,74.5,-1.5,62.6,True,3.28,3.37,2,5128 gras45,high,measured,high,5128,暖向：按5128换算低频中性偏足、中低略厚，1-3kHz凹约5dB，3.3kHz有+7dB窄峰，10kHz以上偏暗，失真极低,低失真、隔音强的偏暖工作型封闭监听；5128与GRAS都显示上中频凹陷和3.3kHz窄峰，顶端偏暗，挑错度中等偏低，但仍能揭示齿音与共振；夹力大、声场窄，听歌一般。,Earphones Archive 的 B&K 5128 曲线（L/R 平均，对 5128 DF），oratory1990 GRAS 45BC KEMAR 曲线佐证（注：研究 agent 打分时对照的是 5128 扩散场系的基线；本页默认画的参考是 LMG 目标，低频比带 −1 dB/oct 倾斜的扩散场多约 3 dB、比不带倾斜的多约 8 dB，两条扩散场基线都可在图例里打开）,3,reports/neumann-ndh-20.html
yamaha-hph-mt8,8,Yamaha,HPH-MT8,199.0,在售,over-ear,动圈45mm,混音审听,37,102,dB/mW,57.3,False,60,68,62,65.0,66.3,-1.3,63.6,True,2.86,2.93,2,5128,medium,measured,medium,5128,低频中性量、延伸好，250–300 Hz 凹陷显薄，高频锯齿（4.75 kHz 凹陷、6 kHz 与 13 kHz 窄峰），细节感足、偏硬,平价易推的封闭监听；5128 实测低频是中性量、不加厚，但低中频凹陷、高频不平整，更像需要 EQ 的工具耳机，谈不上真正平直；声场紧凑。,earphonesarchive.squig.link 的 B&K 5128 居中佩戴 L/R 平均曲线（对 5128 DF 分析），5 位置平均作佐证（注：研究 agent 打分时对照的是 5128 扩散场系的基线；本页默认画的参考是 LMG 目标，低频比带 −1 dB/oct 倾斜的扩散场多约 3 dB、比不带倾斜的多约 8 dB，两条扩散场基线都可在图例里打开）,2,reports/yamaha-hph-mt8.html
beyerdynamic-dt-700-pro-x,9,Beyerdynamic,DT 700 Pro X,199.0,在售,over-ear,STELLAR.45,混音监听,48,100,dB/mW,47.5,False,55,80,80,80.0,66.3,13.7,66.2,True,2.61,2.68,2,gras45 hms,medium,measured,high,raw,接近 Harman 的中性调音，低频量足，约 250Hz 小凹，约 4kHz 窄深凹，6kHz 小峰，高频平滑，无拜亚式尖峰,好推、耐听的封闭监听，适合录音和听歌；三家非 5128 测量一致显示接近目标，精细混音可用但开放式更佳,oratory1990 GRAS 45BC KEMAR 曲线对 Harman OE 2018（无 5128 数据），Kuulokenurkka 711 与 RTINGS HMS II.3 佐证,3,reports/beyerdynamic-dt-700-pro-x.html
austrian-audio-hi-x55,10,Austrian Audio,Hi-X55,299.0,在售,over-ear,动圈44mm,混音审听,25,118,dB/V,62.5,False,53,76,72,74.0,69.9,4.1,63.4,True,3.66,3.66,1,gras45,medium,measured,medium,raw,中低频略厚、1kHz 靠前、2-3kHz 明显凹陷（约 -5~-6dB），高频大致贴近目标（仿制台架显示 3.6kHz 窄峰、高频偏多，对佩戴敏感），超低频略少,上中频下凹的染色调音，并不中性；解析、动态好，耐听度较高，亮度随佩戴变化，混音需 EQ 校准,oratory1990 GRAS 45BC KEMAR 曲线对比 Harman OE 2018 为主；Listener 仿制 KB006x 台架曲线佐证 2-3kHz 凹陷，但它在 3.5kHz 以上与 GRAS 矛盾；没有 5128 数据,2,reports/austrian-audio-hi-x55.html
ollo-audio-s4r-1-3,11,Ollo Audio,S4R 1.3,449.0,在售,over-ear,动圈50mm,混音母带参考,32,117,dB/V,59.4,False,66,81,70,75.5,73.5,2.0,72.8,False,,,0,,high,proxy-measured,medium,proxy,中性偏冷：低频量轻但下潜极深，中频有力偏前，高频略多一点，近场监听音箱式,可维修的手工封闭参考监听，失真低、一致性好；比哈曼系更易暴露问题，听歌偏瘦,DIY-Audio-Heaven 的 S4R 1.3 测量（仅图和文字，平台式自制台架）；oratory1990 两条 GRAS 数值曲线版本不对口（未注明版本 / 1.1），只作旁证；没有 5128 数据,2,reports/ollo-audio-s4r-1-3.html
akg-k371,12,AKG,K371,149.0,在售,over-ear,动圈50mm,混音监听/日常,32,114,dB/V,50.1,False,43,72,80,76.0,63.7,12.3,56.0,True,1.26,4.63,3,5128 gras45 hms,medium,measured,medium,5128,暖向、低频加强（5128 对比 DF：超低频 +13.2 dB、中低频 +11.3 dB，比偏好中性多约 6 dB）；1–3 kHz −2.2 dB；3–10 kHz 与 DF 持平或略高，约 4.4 kHz 有小峰；10 kHz 以上 −4.5 dB，空气感偏少,149 美元的封闭式讨喜基准。5128 实测低频明显偏多、整体暖向，并不像 GRAS 数据显示的那样贴近 Harman；舒适易推，解析和冲击感只是同价位水准,Earphones Archive 的 B&K 5128 曲线（原装耳垫，center 位，L/R 平均），对比 5128 DF；oratory1990（GRAS）、GadgetryTech（711 仿制）、RTINGS（HMS II.3）作佐证。其中 GRAS 数据的低频比 5128 少约 5 dB，按 5128 为准（注：研究 agent 打分时对照的是 5128 扩散场系的基线；本页默认画的参考是 LMG 目标，低频比带 −1 dB/oct 倾斜的扩散场多约 3 dB、比不带倾斜的多约 8 dB，两条扩散场基线都可在图例里打开）,9,reports/akg-k371.html
beyerdynamic-dt-770-pro-x-le,13,Beyerdynamic,DT 770 Pro X LE,199.0,在售,over-ear,STELLAR.45,录音监听/混音,48,98,dB/mW,41.3,False,65,75,68,71.5,66.3,5.2,69.5,True,3.16,3.16,1,gras45,medium,measured,high,raw,V 型（测量）：超低频比 Harman 多约 4–5 dB，约 240 Hz 有凹陷，5–10 kHz 多约 5 dB，6.3–6.6 kHz 和 11–12 kHz 有尖峰,低阻、易推的 DT 770：三条独立测量（GRAS 与两台 711 仿制台架）都确认高频整体偏多，并有约 6.3 kHz 的齿音峰；细节和冲击力强、佩戴舒适，但长时间听歌容易疲劳,没有 5128 数据；以 oratory1990 的 GRAS 45BC KEMAR 曲线对比 Harman OE 2018 为主，Kuulokenurkka 和 GadgetryTech 两条 711 仿制台架的曲线佐证，三者结论一致,3,reports/beyerdynamic-dt-770-pro-x-le.html
adam-audio-h200,14,Adam Audio,H200,179.99,在售,over-ear,动圈,混音母带,32,97.5,dB/mW,45.2,False,62,74,70,72.0,65.4,6.6,67.4,True,1.64,1.69,2,5128,high,measured,high,5128,暖向偏中性（5128 实测）：超低频比 DF 高约 11 dB、中低频 +4.7，3–10 kHz 贴近 DF，3 kHz 与 6.6 kHz 有峰，12 kHz 附近下滑,务实的封闭式录音/混音耳机：低频深而足且不渗入中频，左右一致性好，配有校正插件；3 kHz 与 6.6 kHz 峰带来前倾和轻度齿音，12 kHz 以上下滑，夹力偏紧,Earphones Archive B&K 5128 居中佩戴 L/R 平均曲线对 5128 DF；GRAS 43AG-4（unheardlab 右声道）佐证，结论一致（注：研究 agent 打分时对照的是 5128 扩散场系的基线；本页默认画的参考是 LMG 目标，低频比带 −1 dB/oct 倾斜的扩散场多约 3 dB、比不带倾斜的多约 8 dB，两条扩散场基线都可在图例里打开）,5,reports/adam-audio-h200.html
austrian-audio-hi-x20,15,Austrian Audio,Hi-X20,149.0,在售,over-ear,动圈44mm,录音监听/混音,25,113,dB/V,43.4,False,66,70,66,68.0,63.7,4.3,67.8,True,4.62,4.66,2,5128,medium,measured,high,5128,偏亮 V 型（5128 实测）：超低频/中低频比 DF 高约 12/9 dB，3–10 kHz 比 DF 高约 5 dB，2.9 kHz 与 8 kHz 有峰、2 kHz 有谷,149 美元档很好推的封闭监听，适合人声、对白和齿音检查；5128 显示中低频很重、中高频比偏好中性亮 6–8 dB，高频起伏较大，听歌容易疲劳（曲线重校）,Earphones Archive B&K 5128 居中佩戴 L/R 平均曲线对 5128 DF；Kuulokenurkka 方向一致仅作佐证（注：研究 agent 打分时对照的是 5128 扩散场系的基线；本页默认画的参考是 LMG 目标，低频比带 −1 dB/oct 倾斜的扩散场多约 3 dB、比不带倾斜的多约 8 dB，两条扩散场基线都可在图例里打开）,3,reports/austrian-audio-hi-x20.html
beyerdynamic-dt-770-pro-32-80-250,16,Beyerdynamic,DT 770 Pro (32/80/250Ω),159.0,在售,over-ear,动圈45mm,录音监听/混音,250,96,dB/mW,12.7,False,55,72,70,71.0,64.2,6.8,62.7,True,2.03,3.03,2,5128 gras45,high,measured,high,5128,亮向：低频相对偏好中性持平（比5128 DF高2-4dB），中频平直，3.5-4kHz凹陷，8.7kHz与13.7kHz两处约+5dB高频尖峰,舒适耐用的经典录音监听；5128两源确认高频比偏好中性亮5-7dB、易有齿音，低频量中性但下潜深；250Ω版需要耳放,RTINGS B&K 5128 曲线对比 bk5128_df（Listener 5128 平均曲线交叉核对一致），按偏好口径换算,15,reports/beyerdynamic-dt-770-pro-32-80-250.html
sennheiser-hd-300-pro,17,Sennheiser,HD 300 Pro,199.0,在售,over-ear,动圈,混音/隔音监听,64,108,dB/V,31.3,False,52,68,62,65.0,66.3,-1.3,59.2,True,,,0,,high,measured,medium,raw,偏暖、低频量足：超低频比1kHz高约10dB（比Harman OE多约5dB），150Hz有鼓包，中频偏暖，2-6kHz存在感略低于Harman，8kHz以上峰谷交替但总量不亮,隔音强、手机易推的录音跟踪监听；数值曲线显示它是低频量足的暖声而非高频锐的V形，听歌尚可；夹紧力4.5-5N限制长时间佩戴,Listener KB006x 仿制台架 L/R 六次平均曲线对比 Harman OE 2018（台架不匹配，仅看相对形状），DIY-Audio-Heaven 截图交叉核对；无 5128/GRAS,1,reports/sennheiser-hd-300-pro.html
audio-technica-ath-m70x,18,Audio-Technica,ATH-M70x,299.0,在售,over-ear,动圈45mm,挑错审听,35,97,dB/mW,42.4,False,90,74,48,61.0,69.9,-8.9,82.8,True,1.73,2.95,3,gras45 hms,medium,measured,high,raw,明亮分析型：相对 Harman 低频偏少，1 kHz 以上一路偏多，3–10 kHz 抬升（GRAS 约 +2.5~+4 dB，HMS 数据更高），8–10 kHz 附近有峰,典型挑错型封闭监听，细节和定位强、低频失真低，但高频明显偏多、易疲劳，不适合听歌。,oratory1990 GRAS 45BC KEMAR 曲线对照 Harman OE 2018；未找到 5128 数据，RTINGS 与 Innerfidelity 的 HMS II.3 曲线作佐证,3,reports/audio-technica-ath-m70x.html
audio-technica-ath-m40x,19,Audio-Technica,ATH-M40x,99.0,在售,over-ear,动圈40mm,混音监听,35,98,dB/mW,45.6,False,62,63,60,61.5,60.0,1.5,62.5,True,2.19,2.4,2,gras45 hms,medium,measured,medium,raw,对照 Harman OE 2018（oratory1990 GRAS 实测）：中频平，60-200Hz 多约 4dB，超低频略少；8kHz 有尖峰，10kHz 以上多约 6dB，高频偏亮（RTINGS HMS 佐证一致）,入门监听合格，高频偏亮偏尖、夹得紧，挑错比 M50x 强，听歌不如 M50x,oratory1990 GRAS 45BC KEMAR 曲线对照 Harman OE 2018；未找到 5128 数据，RTINGS HMS II.3 与 Auriculares Argentina 曲线作佐证,3,reports/audio-technica-ath-m40x.html
audio-technica-ath-m50x,20,Audio-Technica,ATH-M50x,149.0,在售,over-ear,动圈45mm,录音监听/日常兼顾,38,99,dB/mW,47.6,False,42,68,72,70.0,63.7,6.3,53.7,True,1.92,2.37,3,5128 gras45 hms,medium,measured,high,5128,对照 5128 DF（RTINGS）：低频 +4~5dB（按偏好换算为中性偏多），中频中性，3-6kHz 略高于偏好中性，4.3kHz/7.8kHz 有约 +4.7dB 窄峰，6.2kHz 窄凹；温和 U 型,讨喜好推的全能封闭耳机，5128 上离中性不远但临场有窄峰，挑错仍要靠 EQ,RTINGS B&K 5128 曲线对照 5128 DF；oratory1990 GRAS 43AG 作佐证（峰位与临场段略有矛盾，以 5128 为准）（注：研究 agent 打分时对照的是 5128 扩散场系的基线；本页默认画的参考是 LMG 目标，低频比带 −1 dB/oct 倾斜的扩散场多约 3 dB、比不带倾斜的多约 8 dB，两条扩散场基线都可在图例里打开）,8,reports/audio-technica-ath-m50x.html
shure-srh840a,21,Shure,SRH840A,149.0,在售,over-ear,动圈40mm,混音/录音,35,101,dB/mW,54.9,False,46,68,72,70.0,63.7,6.3,55.9,True,2.96,4.12,3,5128 gras45,medium,measured,medium,5128,对照 5128 DF：低频 +10dB（按偏好换算仍多约 5dB），中频中性，3-6kHz +3.7dB、6-10kHz +5.9dB（比偏好中性亮 4-7dB），12kHz 凹、15-16.6kHz 毛刺峰；明确 V 型暖倾斜,低频多、中高频亮的 V 型封闭监听，舒适好推，适合跟踪监听，不适合严格挑错,Earphones Archive B&K 5128（居中 L/R 平均，5 位置平均互证）对照 5128 DF；与 oratory1990 GRAS 在中高频量上矛盾，以 5128 为准（注：研究 agent 打分时对照的是 5128 扩散场系的基线；本页默认画的参考是 LMG 目标，低频比带 −1 dB/oct 倾斜的扩散场多约 3 dB、比不带倾斜的多约 8 dB，两条扩散场基线都可在图例里打开）,3,reports/shure-srh840a.html
krk-kns-8402,22,KRK,KNS 8402,149.0,在售,over-ear,动圈40mm,混音监听,36,97,dB/mW,42.1,False,70,55,55,55.0,63.7,-8.7,63.2,False,,,0,,high,measured-image,medium,image,V 形：40–250Hz 低频宽抬（比 K371 高约 4–6dB），约 380Hz 凹陷，约 3kHz 强峰（比 K371 高约 8dB），6–7kHz 还有第二个峰,入门级监听耳机，对刺耳和齿音非常敏感，低频量足；但中高频峰偏强，容易疲劳，低频大音量时失真偏高，佩戴闷热；隔音实测偏好,深挖重校：没有原始数值，主要依据 audioXpress（Brent Butterworth）的 GRAS 43AG + RA0402 独立测量图，都只有图片。这些图是未补偿的原始响应、以 500Hz=94dB 归一，同图有 K371、M50x、7506 可对照。另有频响、THD、隔音三张图和 Audiofool/eCoustics 的旁证图，全部只做定性读取，没有从图上臆测数值。分数变化：挑错度 55→70（3kHz 峰高于 7506），音质 62→55（峰过强，低频失真偏高），听歌 62→55，隔音 medium→high（有实测图）,0,reports/krk-kns-8402.html
akg-k371-bt,23,AKG,K371-BT,199.0,在售,over-ear,动圈50mm,蓝牙监听,32,114,dB/V,50.1,False,43,72,80,76.0,66.3,9.7,56.0,False,,,0,,high,proxy-measured,medium,proxy,暖向、低频加强的讨喜调音（按有线 K371 的 5128 代理曲线：低频比偏好中性多约 6 dB，1–3k 略收，3–10k 不暗，10k 以上滚降）,有线 K371 的调音加上蓝牙便利。低频饱满，适合听歌和一般的混音核对，不属于挑错型监听；BT 模式本身没有实测曲线。,有线 K371 的 Earphones Archive B&K 5128 曲线（代理，center 佩戴位，L/R 平均），与 5128 DF 对比（注：研究 agent 打分时对照的是 5128 扩散场系的基线；本页默认画的参考是 LMG 目标，低频比带 −1 dB/oct 倾斜的扩散场多约 3 dB、比不带倾斜的多约 8 dB，两条扩散场基线都可在图例里打开）,4,reports/akg-k371-bt.html
akg-k553-mkii,24,AKG,K553 MkII,199.0,在售,over-ear,动圈50mm,混音审听,32,114,dB/V,50.1,False,45,68,69,68.5,66.3,2.2,55.4,True,,,0,,medium,measured,medium,raw,暖向均衡：低频比 Harman 多 5–7 dB，中频平直，1–3k 略退，5.4k 有峰、4.2k/9.4k 有谷，声场开阔，非常依赖密封,声场和定位是亮点。密封良好时低频饱满、暖向讨喜；漏气时低频会少 6–10 dB。高频峰谷交错，头梁承重也有问题，不是挑错型监听。,主要依据 Sai（sai.squig.link）用 GRAS 43AG-4 测的 K553 MkII 原装耳垫曲线（仅 R 声道），对比 Harman OE 2018；oratory1990 的标准版 K553（GRAS 45BC KEMAR）作佐证；没有 5128 数据,4,reports/akg-k553-mkii.html
sony-mdr-m1st,25,Sony,MDR-M1ST,230.0,日本本土,over-ear,动圈40mm,录音监听/混音,24,103,dB/mW,66.3,False,62,71,63,67.0,67.6,-0.6,66.0,True,3.39,3.99,3,5128,medium,measured,medium,5128,中频前置、低频偏瘦（超低频明显不足），3-6kHz与超高频收敛，7.5kHz有窄峰的监听调音,CD900ST的现代版：5128测量为中频靠前、低频偏瘦、高频收敛带7.5kHz窄峰，不刺耳、挑错力中上，但听歌低频量感不足,以Earphones Archive的B&K 5128原装耳垫测量（中期批次，L/R平均）为主，对5128 DF用fr_analyze分析；另两个原装耳垫样品交叉核对，Crinacle GRAS截图的高频结构与之一致（注：研究 agent 打分时对照的是 5128 扩散场系的基线；本页默认画的参考是 LMG 目标，低频比带 −1 dB/oct 倾斜的扩散场多约 3 dB、比不带倾斜的多约 8 dB，两条扩散场基线都可在图例里打开）,4,reports/sony-mdr-m1st.html
austrian-audio-hi-x15,26,Austrian Audio,Hi-X15,99.0,在售,over-ear,动圈44mm,混音监听/陪听,25,113,dB/V,43.4,False,64,58,60,59.0,60.0,-1.0,61.3,True,4.39,4.39,1,gras45,medium,measured,medium,raw,V形：中低频约+4dB鼓包，2kHz人声区凹陷，2.8kHz与6kHz约+6~7dB尖峰,轻便舒适、易推的百元封闭监听，但测量为带尖峰的V形，不宜作精确混音参考，久听易累,无5128数据；以oratory1990 GRAS 45BC-10原始CSV对Harman OE 2018（fr_analyze gras_43ag）为依据，结果与上一轮一致,1,reports/austrian-audio-hi-x15.html
sony-mdr-7506,27,Sony,MDR-7506,99.0,在售,over-ear,动圈40mm,广播/影视监听,63,106,dB/mW,62.6,False,80,62,55,58.5,60.0,-1.5,71.9,True,2.0,2.11,2,gras45 hms,medium,measured,high,raw,3–10kHz 宽带抬升约 2–4dB，约 11kHz 有尖峰的明亮监听声（6 条曲线方向一致），低频量感取决于密闭,多台架测量证实的放大镜式广播/影视挑错标准，齿音与瑕疵一听即出，长时间听歌容易疲劳,没有 5128 数据，以 oratory1990 GRAS 45BC KEMAR 对比 Harman OE 2018 为主判；sai GRAS 43AG-4、RTINGS HMS II.3 等作佐证,6,reports/sony-mdr-7506.html
akg-k361,28,AKG,K361,99.0,在售,over-ear,动圈50mm,混音监听/日常,32,114,dB/V,50.1,False,40,68,74,71.0,60.0,11.0,52.6,True,1.82,2.04,2,5128 gras45,medium,measured,high,5128,暖向哈曼式调音：5128 显示中低频约比 DF 高 5.5dB，超低频约高 10dB（明显加量），presence 比 DF 低 3dB，约 9kHz 有窄峰，10kHz 以上偏暗,平价易推的消费者参考式封闭耳机，5128 与 GRAS 测量都显示它偏讨喜而不是挑错，低频量足，适合听歌，素质属价位水准,RTINGS B&K 5128 曲线对比 5128 DF（按偏好中性换算）为主判，oratory1990 GRAS 45BC KEMAR 作佐证（注：研究 agent 打分时对照的是 5128 扩散场系的基线；本页默认画的参考是 LMG 目标，低频比带 −1 dB/oct 倾斜的扩散场多约 3 dB、比不带倾斜的多约 8 dB，两条扩散场基线都可在图例里打开）,3,reports/akg-k361.html
sennheiser-hd-25,29,Sennheiser,HD 25,149.0,在售,on-ear,动圈,DJ/广播/外景,70,,unknown,88,True,56,64,62,63.0,63.7,-0.7,59.6,True,2.93,2.93,1,5128,high,measured,medium,5128,暖向U型：两条B&K 5128显示低频到低中频比偏好中性多1-5dB，8.5kHz尖峰，10kHz以上缺6-7dB、15kHz以上明显滚降；低频量很依赖贴耳密封,DJ/外景行业标准贴耳监听，耐用、好推、隔音强；两条5128曲线证实低频偏厚、8.5k有尖峰、顶端滚降，是工具耳机而非参考耳机,RTINGS B&K 5128现款曲线为主，Earphones Archive 5128（HD25-1 II）交叉核对，oratory1990 GRAS佐证,13,reports/sennheiser-hd-25.html
rode-nth-100,30,Rode,NTH-100,149.0,在售,over-ear,动圈40mm,播客/录音/混音,32,110,dB/V,35.0,False,45,64,72,68.0,63.7,4.3,53.6,True,2.21,2.21,1,gras45,medium,measured,medium,raw,略暗的均衡：低频贴近Harman（超低频略少），6-10kHz缺4-9dB（7.7-9.8kHz凹陷），12.5kHz有峰；GRAS、711、Exound三条曲线一致,佩戴和做工出色的创作者监听，测量上接近Harman但6-10kHz缺量、听感偏柔，谐波失真偏高限制了素质；无5128数据,无5128数据；以oratory1990 GRAS曲线对比Harman OE 2018为主，Kuulokenurkka（KB501x+711）与Exound（台架未注明）佐证,4,reports/rode-nth-100.html
sony-mdr-cd900st,31,Sony,MDR-CD900ST,150.0,日本本土,over-ear,动圈40mm,录音监听,63,106,dB/mW,62.6,False,82,62,42,52.0,63.7,-11.7,73.0,True,2.58,2.58,1,gras45,medium,measured,high,raw,超低频大幅缺量、高频整体偏暗但 10kHz 附近有尖峰的中频前置干声监听,"日式人声监听挑错工具，GRAS 与 5128（代理）曲线都显示低频大幅缺量、高频偏暗，不适合听歌 / A dry vocal-monitoring tool; GRAS and proxy 5128 curves both show big bass and treble shortfalls, poor for casual listening",以 oratory1990 的 GRAS 45BC KEMAR 曲线（对 Harman OE 2018）为主；Earphones Archive 的 B&K 5128 曲线型号标注为 MDR-CD900，作代理佐证，方向一致,3,reports/sony-mdr-cd900st.html
audio-technica-ath-m60x,32,Audio-Technica,ATH-M60x,199.0,在售,on-ear,动圈45mm,广播外景,38,102,dB/mW,56.9,False,58,70,64,67.0,66.3,0.7,63.4,True,2.57,2.65,2,gras43 hms,medium,measured,high,raw,接近 Harman 的略中频前倾平直调音，7kHz 窄峰带齿音风险,"舒适耐用的贴耳外景监听，实测比 M50x 更平直，隔音一般 / Comfortable on-ear field monitor, measures near-Harman and flatter than the M50x",没有 5128 数据；以 oratory1990 的 GRAS 43AG 曲线（对 Harman OE 2018）为主，RTINGS 的 HMS II.3 曲线佐证,2,reports/audio-technica-ath-m60x.html
sennheiser-hd-25-plus,33,Sennheiser,HD 25 Plus,199.0,在售,on-ear,动圈,DJ/广播/外景,70,120.4,dB/V,70.0,False,56,70,63,66.5,66.3,0.2,62.3,True,2.93,3.56,2,5128,high,measured-twin,high,twin,贴耳式，暖厚带亮点：5128 上 60–500 Hz 比 DF 多 5–8 dB，4–5 kHz 小凹，8 kHz 附近尖峰，10 kHz 以上滚降（曲线重校）,就是 HD 25 加全套配件：好推、隔音好、有冲击，适合 DJ 和外景快速监听；低中频偏厚、8 kHz 有尖峰，夹头紧、声场小，不适合当精确混音参考或长时间听歌,三条 B&K 5128 曲线（RTINGS、headphonedatabase、Earphones Archive）对比 5128 DF 并按偏好换算；oratory1990 GRAS 与 Listener 711 曲线佐证（注：研究 agent 打分时对照的是 5128 扩散场系的基线；本页默认画的参考是 LMG 目标，低频比带 −1 dB/oct 倾斜的扩散场多约 3 dB、比不带倾斜的多约 8 dB，两条扩散场基线都可在图例里打开）,12,reports/sennheiser-hd-25-plus.html
sennheiser-hd-300-protect,34,Sennheiser,HD 300 Protect,249.0,在售,over-ear,动圈,广播/转播,64,108,dB/V,31.3,False,52,68,62,65.0,68.3,-3.3,59.2,True,,,0,,very high,measured-twin,medium,twin,暖向、低频多：超低频和中低频比 Harman 多约 4–5 dB，中频偏暖，存在感频段略少，高频不亮（同声学型号曲线重校）,HD 300 Pro 加上 ActiveGard 听力保护，隔音强、佩戴稳、左右一致性好，适合广播和转播长时间监听；调音暖、低频偏多，挑错不是强项，6 N 夹持力也限制长时间听歌,Listener KB006x（711 类）测的 HD 300 PRO 曲线对比 Harman OE 2018，只看形状；DIY-Audio-Heaven、Sonarworks 图文作佐证,1,reports/sennheiser-hd-300-protect.html
audix-a152,35,Audix,A152,249.0,在售,over-ear,动圈50mm,混音审听,30,103,unknown,85,True,45,66,70,68.0,68.3,-0.3,54.5,False,,,0,,medium,consensus,low,none,低频有意加强（约150Hz起搁架式抬升）的轻V调音，顶端较开阔，声场宽而略靠前,"适合录音跟踪和低频交叉参考的中价位封闭监听，属于加强型轻 V 调音，不是平直的挑错耳机；四轮深挖仍没有找到任何公开频响，置信度低。 / Bass-enhanced, mildly V-shaped studio closed-back for tracking and low-end checks; not a flat analytical monitor. Four search rounds found no public FR data.",没有任何曲线或测量图，官方规格表也没有频响图。评分依据五篇专业评测的主观共识：约150Hz起低频搁架（SOS）；比 A150 更有凹陷感、顶端更开阔、略易疲劳（Recording Magazine）；属于 enhanced 加强响应（FOH）。再加上同价位动圈的先验。深挖重校：音质 68→66、听歌 72→70，原因是评测描述的染色和疲劳感比原先估计的多。,0,reports/audix-a152.html
audeze-lcd-xc,36,Audeze,LCD-XC,1299.0,在售,over-ear,平面振膜,混音母带/Hi-Fi,20,100,dB/mW,56.5,False,70,87,67,77.0,83.1,-6.1,77.7,True,2.14,3.29,2,5128 gras45,medium,measured,high,5128,低频相对偏好目标偏瘦约5-7dB（5128 上低于 DF 1-2dB），中频到中高频贴 DF，4.7k 凹陷、10k 深谷、13k 尖峰，整体高频不亮的中性偏冷监听风格,"封闭平面里技术力顶级，适合专业审听；5128 实测低频偏瘦、中高频平直、高频有峰谷但整体不亮，加上 677g 的重量，听歌适配一般。 / Top-tier closed-back planar for critical work; B&K 5128 data shows lean bass, flat mids/presence and a peaky-but-not-bright top, and the 677 g weight limits casual listening.",Earphones Archive 的 B&K 5128 居中佩戴曲线（L/R 平均）对 5128 DF 分析；oratory1990 GRAS 作佐证，高频亮度上的矛盾以 5128 为准（注：研究 agent 打分时对照的是 5128 扩散场系的基线；本页默认画的参考是 LMG 目标，低频比带 −1 dB/oct 倾斜的扩散场多约 3 dB、比不带倾斜的多约 8 dB，两条扩散场基线都可在图例里打开）,11,reports/audeze-lcd-xc.html
yamaha-hph-mt7,37,Yamaha,HPH-MT7,179.0,在售,over-ear,动圈40mm,录音监听/现场返听,49,99,dB/mW,44.1,False,68,70,62,66.0,65.3,0.7,68.9,False,,,0,,high,measured-image,medium,image,低频明显抬升（约+7dB）、6–15kHz 高频抬升的偏亮 V 形封闭监听（单一平板台架实测）,清晰耐用的录音、返听耳机；高频偏锐，大音量下中高频失真偏高，线材不可拆、夹得偏紧,未找到原始数值；沿用 DIY-Audio-Heaven 非标准平板台架的读图定性结论，辅以主观评测,0,reports/yamaha-hph-mt7.html
audio-technica-ath-m50xbt2,38,Audio-Technica,ATH-M50xBT2,199.0,在售,over-ear,动圈45mm,蓝牙监听,38,99,dB/mW,47.6,False,45,68,74,71.0,66.3,4.7,55.4,True,2.31,2.31,1,hms,medium,measured,medium,raw,低频略多、接近目标，下中频略薄，4–6kHz 凹陷，8kHz 有峰，是偏亮的轻度 V 形；与有线 M50x 在同台架上比，中低频相同，超低频略少，6kHz 以上更多,无线音质稳定、续航超 60 小时的全能耳机，适合听歌和移动监听；8kHz 的峰带来齿音风险，不适合精细挑错,本机唯一的数值曲线：RTINGS HMS II.3（AutoEq 收录）；另与同台架测的有线 M50x 曲线作相对比较；没有 5128 或 GRAS 数据,1,reports/audio-technica-ath-m50xbt2.html
audio-technica-ath-m50xsts,39,Audio-Technica,ATH-M50xSTS,199.0,在售,over-ear,动圈45mm,广播/直播耳麦,38,99,dB/mW,47.6,False,40,68,70,69.0,66.3,2.7,52.6,True,1.92,2.07,2,5128 gras45,medium,measured-twin,medium,twin,测量上接近 Harman：低频略多，中频基本不后撤，高频锯齿状，4–8 kHz 有窄峰,本质是 M50x 加一支心形电容话筒；适合直播和播客，不适合精确混音,同声学型号：ATH-M50x 的 RTINGS B&K 5128 曲线，对照 5128 DF（60–200Hz +5.3dB，属于偏好中性范围的上沿）；oratory1990 GRAS 曲线作佐证，两者一致（注：研究 agent 打分时对照的是 5128 扩散场系的基线；本页默认画的参考是 LMG 目标，低频比带 −1 dB/oct 倾斜的扩散场多约 3 dB、比不带倾斜的多约 8 dB，两条扩散场基线都可在图例里打开）,2,reports/audio-technica-ath-m50xsts.html
sennheiser-hd-26-pro,40,Sennheiser,HD 26 Pro,249.0,在售,on-ear,动圈,广播/转播,100,105,dB/mW,53.2,False,58,64,55,59.5,68.3,-8.8,60.7,True,2.27,2.27,1,5128,high,measured,medium,5128,台架上偏暖、低频量足，上中频跟随 DF，8.5 和 11.7 kHz 有窄峰，12 kHz 以上急剧衰减,带 ActiveGard 限幅的广播用贴耳监听，人声清楚，但高频延伸差且有窄峰，以工作场景为主,Earphones Archive 的 B&K 5128 曲线（L/R 平均），对照 5128 DF；重跑结果与上一轮一致（注：研究 agent 打分时对照的是 5128 扩散场系的基线；本页默认画的参考是 LMG 目标，低频比带 −1 dB/oct 倾斜的扩散场多约 3 dB、比不带倾斜的多约 8 dB，两条扩散场基线都可在图例里打开）,1,reports/sennheiser-hd-26-pro.html
pioneer-dj-hrm-7,41,Pioneer DJ,HRM-7,249.0,在售,over-ear,动圈40mm,混音审听（电子乐）,45,97,unknown,72,True,72,68,58,63.0,68.3,-5.3,70.2,False,,,0,,medium,consensus,medium,none,偏亮、细节外放，5kHz 一带略突出，低频适中、干净（评测共识，无实测；hifitest.de 持异议，认为偏厚润）,佩戴舒适的电子乐制作监听，适合挑中高频细节，长时间听容易累,第四轮深挖仍然没有找到任何实测（数值或图片都没有），继续按主观评测共识打分：MusicTech、MusicRadar、Digital DJ Tips、kopfhoerer.de 认为偏亮，hifitest.de 认为偏厚润，约 3/5 认为偏亮。深挖重校：72/68/58 → 72/68/58，不变（新证据正反相抵）。,0,reports/pioneer-dj-hrm-7.html
beyerdynamic-dt-250-80-250,42,Beyerdynamic,DT 250 (80/250Ω),250.0,在售,over-ear,动圈,广播/影视监听,250,107,dB/V,28.2,False,60,68,63,65.5,68.3,-2.8,63.6,True,2.44,3.35,2,gras43 hms,medium,measured,high,raw,oratory1990 实测（GRAS，对 Harman OE 2018）中性平直，低频比目标少 2–4 dB，9kHz 和 13kHz 有窄峰,轻量耐用的老派广播监听，中频贴合目标、均衡诚实，但低频偏瘦、高频不平整、夹力大,没有 5128 数据；以 oratory1990 的 250 Ω GRAS 43AG 曲线对照 Harman OE 2018 为主，HMS II.3 曲线只作佐证,4,reports/beyerdynamic-dt-250-80-250.html
steven-slate-vsx,43,Steven Slate,VSX,449.0,在售,over-ear,动圈,混音（软件房间模拟）,37.6,,unknown,75,True,40,64,56,60.0,73.5,-13.5,50.8,True,3.59,3.59,1,gras45,medium,measured,medium,raw,裸耳机偏暗偏暖：中低频持平 Harman，极低频少约 5 dB，2-5kHz 轻凹，5-10kHz 比 Harman 少 6-7 dB，依赖软件 EQ 和房间模拟,价值在 VSX 房间模拟软件；实测裸耳机偏暗、不挑错，单独听歌只算中游，需要 EQ 或软件,唯一的数值曲线是 oratory1990 的 GRAS 45BC KEMAR 曲线（不开插件），对照 Harman OE 2018；没有 5128 数据,1,reports/steven-slate-vsx.html
shure-srh1540,44,Shure,SRH1540,499.0,在售,over-ear,动圈40mm,长时间制作/欣赏,46,99,dB/mW,45.0,False,25,78,85,81.5,74.5,7.0,48.9,True,2.8,3.61,3,5128 gras45 hms,medium,measured,high,5128,低频明显抬升的暖向调音：5128 上低频比 DF 高 9-10 dB（约比偏好中性多 4-5 dB），200-500Hz 略厚，1-3kHz 与 DF 持平，3-10kHz 比 DF 高 1-2 dB（略亮不刺），10kHz 以上收,佩戴顶级、耐听的封闭旗舰。5128 与 GRAS、HMS 一致指向低频厚的暖向调音，但高频清楚不闷；适合长时间制作和欣赏，不适合挑错,Earphones Archive B&K 5128 居中位置 L/R 平均曲线（对照 5128 DF，5 个佩戴位置一致），GRAS/HMS 三条曲线作佐证（注：研究 agent 打分时对照的是 5128 扩散场系的基线；本页默认画的参考是 LMG 目标，低频比带 −1 dB/oct 倾斜的扩散场多约 3 dB、比不带倾斜的多约 8 dB，两条扩散场基线都可在图例里打开）,8,reports/shure-srh1540.html
sony-mdr-7520,45,Sony,MDR-7520,500.0,停产,over-ear,动圈50mm,混音审听,24,108,dB/mW,81.9,False,58,74,72,73.0,74.5,-1.5,65.2,True,3.55,3.71,2,hms,medium,measured,medium,raw,中低频鼓包约+5dB，2-3k抬升、约4k深凹；HMS 曲线另有9k窄峰，但 DIY-Audio-Heaven 认为高频偏柔：暖底子，高频亮暗有争议,已停产的 Sony 旗舰封闭监听，低频有分量、很好推；4k 凹陷明确，9k 窄峰只在 HMS 台架上出现，与 DAH 所说的高频柔和相矛盾，挑错度中等,RTINGS 与 Innerfidelity 两条 HMS II.3 曲线对比 Harman OE 2018（没有 5128 或 GRAS 曲线）；DIY-Audio-Heaven 只有图，用作矛盾佐证,2,reports/sony-mdr-7520.html
dan-clark-audio-aeon-2-closed,46,Dan Clark Audio,Aeon 2 Closed,899.0,在售,over-ear,平面振膜,Hi-Fi兼监听,13,92,dB/mW,21.8,False,45,84,78,81.0,79.8,1.2,62.6,True,2.78,2.78,1,gras45,high,measured,high,raw,低频贴 Harman，2-5k 临场感后退 4-8dB，6k 小峰，顶端空气略多：柔和、放松、高解析,做工与解析出色的折叠式平板封闭耳机，三条原版测量都显示临场感后退，听感偏放松讨喜而非挑错；冲击力偏软，需要有力的功放。5128 只有 Noire 代理曲线，换穿孔耳垫后临场感凹陷较轻,oratory1990 GRAS 45BC KEMAR 原版曲线对比 Harman OE 2018；EarphonesArchive 的 5128 Noire 代理曲线与 HypetheSonics 只作佐证,5,reports/dan-clark-audio-aeon-2-closed.html
yamaha-hph-mt5,47,Yamaha,HPH-MT5,99.0,在售,over-ear,动圈40mm,混音监听/陪听,51,100,dB/mW,46.7,False,42,58,62,60.0,60.0,0.0,49.2,False,,,0,,medium,measured-image,medium,image,暖暗取向：中低频（100–250 Hz）偏厚，中高频（2–5 kHz）明显收敛，高频平滑偏暗,耐用、易推的百元封闭监听。RAA 实测是暖暗取向，挑错能力弱，适合录音跟踪和陪听，素质一般。,RAA HDM-X 曲线截图读图（无 5128/GRAS 数值数据），辅以主观评测,0,reports/yamaha-hph-mt5.html
sony-mdr-v6,48,Sony,MDR-V6,99.0,停产,over-ear,动圈40mm,广播/影视监听,63,106,dB/mW,62.6,False,80,62,52,57.0,60.0,-3.0,71.9,True,2.37,2.37,1,hms,medium,measured,high,raw,亮向：超低频缺 8–10 dB，约 200 Hz 有凹陷，约 4.5 kHz 和约 9 kHz 有尖峰,7506 的同源前身。测量证实它是低频量少、中高频和高频突出的挑错工具，适合广播和影视监听，长时间听歌容易累。,Innerfidelity / Headphone.com HMS II.3 数值曲线对 harman_oe_2018 分析，Crinacle GRAS 43AG-7 截图核对形态；无 5128,4,reports/sony-mdr-v6.html
sennheiser-hd-280-pro,49,Sennheiser,HD 280 Pro,99.0,在售,over-ear,动圈,高隔音陪听,64,113,dB/V,46.9,False,42,58,55,56.5,60.0,-3.5,49.2,True,2.45,3.67,3,gras45 hms,high,measured,high,raw,中频平直的暗声：极低频略多，约100Hz小凹陷，3-20kHz比Harman低4-5dB，4.2kHz有窄谷（oratory1990实测）；6条原装耳垫曲线都确认3-6kHz偏暗，低频量随台架和密封变化大,便宜的高隔音录音跟踪耳机，中频平直可作参考，但存在感区和高频明显偏暗、挑错能力有限，素质一般，混音和听歌都只算够用。,oratory1990 GRAS 45BC KEMAR 曲线对 Harman OE 2018；没有 5128 数据，HMS II.3 等 6 条曲线只作佐证,7,reports/sennheiser-hd-280-pro.html
shure-srh440a,50,Shure,SRH440A,99.0,在售,over-ear,动圈40mm,混音监听/陪听,34,104,dB/mW,64.7,False,42,60,70,65.0,60.0,5.0,50.1,True,3.07,3.07,1,gras45,medium,measured,medium,raw,低频偏多的暖声：60-200Hz比Harman高约4.6dB，存在感区略收，4kHz有窄谷，6-10kHz平顺、9kHz无尖峰（oratory1990实测）,2021 改款，低频足的暖声、高频平顺，舒适好推，适合轻松听歌和人声工作；声场窄、解析有限，不适合严格挑错。,oratory1990 GRAS 45BC KEMAR 曲线对 Harman OE 2018（唯一一条原始曲线，没有 5128 数据）,1,reports/shure-srh440a.html
austrian-audio-hi-x25bt,51,Austrian Audio,Hi-X25BT,149.0,在售,over-ear,动圈44mm,蓝牙监听,25,113,dB/V,43.4,False,58,68,75,71.5,63.7,7.8,62.5,False,,,0,,medium,proxy-measured,low,proxy,代理测量（Hi-X15，GRAS 43AG-7）显示为轻 V 形：中低频比 Harman 多约 4 dB，5–10 kHz 高约 4–5 dB，2.8 kHz 和 13 kHz 有峰，1.9 kHz 和 10 kHz 有凹陷；蓝牙模式低频更圆润,佩戴很舒适的平价蓝牙监听耳机，比中性略偏 V、偏亮，细节口碑好；本机没有原始测量数据，只有同平台代理曲线，严肃监听请用有线,oratory1990 在 GRAS 45BC KEMAR 上测的 Hi-X15 代理曲线，对比 Harman OE 2018；本机没有 5128 或其他原始数据,1,reports/austrian-audio-hi-x25bt.html
akg-k361-bt,52,AKG,K361-BT,149.0,在售,over-ear,动圈50mm,蓝牙监听,32,114,dB/V,50.1,False,50,66,70,68.0,63.7,4.3,57.2,False,,,0,,medium,proxy-measured,medium,proxy,温和偏暖的中性监听：5128 上低频比 DF 高 +9.8/+5.5 dB（相对偏好中性略足），中频平直，高频与空气感略暗，9.3 kHz 有 +8.8 dB 尖峰，12–18 kHz 有深谷,轻便舒适、温和偏暖的平价封闭监听耳机，中低频扎实，但 9 kHz 峰让高频毛糙；蓝牙音质明显不如有线,RTINGS B&K 5128 有线 K361 曲线（对比 5128 DF，已换算到偏好基线）；GRAS、KB006x、KB501x 曲线作佐证（注：研究 agent 打分时对照的是 5128 扩散场系的基线；本页默认画的参考是 LMG 目标，低频比带 −1 dB/oct 倾斜的扩散场多约 3 dB、比不带倾斜的多约 8 dB，两条扩散场基线都可在图例里打开）,4,reports/akg-k361-bt.html
akg-k271-mkii,53,AKG,K271 MkII,149.0,在售,over-ear,动圈30mm,录音/广播,55,104,dB/V,18.9,False,68,60,53,56.5,63.7,-7.2,64.4,True,3.65,4.7,2,gras45 hms,medium,measured,high,raw,低频大幅缺量、整体亮向，7-8k与12.6k有窄峰的老派录音监听调音,轻、好推、耳垫可换，适合录人声和检查齿音；实测低频比 Harman 少 7-15 dB，高频峰谷多，听流行乐偏薄。,oratory1990 GRAS 45BC KEMAR 曲线（对比 Harman OE 2018），没有 5128 数据；Innerfidelity HMS II.3 曲线趋势一致,3,reports/akg-k271-mkii.html
fostex-t40rp-mk4,54,Fostex,T40RP mk4,159.0,在售,over-ear,平面振膜,混音监听,50,91,dB/mW,17.4,False,45,65,55,60.0,64.2,-4.2,54.0,False,,,0,,medium,proxy-measured,medium,proxy,低频贴合 Harman、1-6kHz 下沉约 4 dB 的暗柔平面振膜封闭监听,官网查不到 T40RP mk4，按 Mk3 测量评估：声音暗柔、不刺耳，低频量不少；原厂佩戴差，最好配耳放。,oratory1990 的 T40RP Mk3 曲线（GRAS 45BC-10），对比 Harman OE 2018；Innerfidelity HMS II.3 作佐证；各库均无 5128 数据,2,reports/fostex-t40rp-mk4.html
rode-nth-100m,55,Rode,NTH-100M,189.0,在售,over-ear,动圈40mm,播客耳麦,32,110,dB/V,35.0,False,45,65,70,67.5,65.8,1.7,54.0,True,2.21,2.84,2,gras45 hms,medium,measured-twin,medium,twin,接近Harman的中性偏暖，200-500Hz略厚，7-8kHz凹陷、12kHz窄峰、超低频略少,测量上调音比口碑更中性，做工佩戴扎实的带麦耳麦，适合口播和日常听歌，挑错和解析一般,oratory1990 的 NTH-100 曲线（GRAS 45BC-10，同一耳机本体），对比 Harman OE 2018；RTINGS HMS II.3、Filk/Kuulokenurkka 711、Exound 作佐证；无 5128 数据,5,reports/rode-nth-100m.html
shure-srh940,56,Shure,SRH940,299.0,停产,over-ear,动圈40mm,挑错审听,42,100,dB/mW,49.3,False,82,72,50,61.0,69.9,-8.9,77.5,True,1.88,2.33,2,5128 hms,unknown,measured,medium,5128,5128 上低频只比 DF 高 1–2.4 dB（换算到偏好中性约少 2–4 dB，偏薄），中频平直，3–11 kHz 整段比偏好中性多约 3–4 dB，15 kHz 有窄峰，偏薄偏亮的分析型,细节暴露很强的挑错监听，偏薄偏亮，长听易疲劳；5128 数据显示高频是宽平台而非尖峰，比旧数据温和；头梁易裂且已停产，听歌建议 EQ,Earphones Archive B&K 5128 曲线（L/R 平均）对比 5128 DF；两份 HMS II.3 曲线作佐证，9–10 kHz 尖峰的矛盾以 5128 为准（注：研究 agent 打分时对照的是 5128 扩散场系的基线；本页默认画的参考是 LMG 目标，低频比带 −1 dB/oct 倾斜的扩散场多约 3 dB、比不带倾斜的多约 8 dB，两条扩散场基线都可在图例里打开）,3,reports/shure-srh940.html
beyerdynamic-dt-240-pro,57,Beyerdynamic,DT 240 Pro,99.0,停产,over-ear,动圈,便携监听/播客,34,99,dB/mW,49.1,False,38,60,68,64.0,60.0,4.0,47.9,True,3.21,3.21,1,hms,medium,measured,medium,raw,暖向、高频收敛：60-200Hz 比 Harman 高约 3-4 dB，中频贴着目标，5kHz 以上比目标低 4-5 dB，5-7kHz 有深凹陷。,轻便好推的便携封闭监听，测量显示是暖向讨喜调音、并不偏亮；适合录音、播客、外出和日常听歌，不适合严格混音。,Innerfidelity HMS II.3 曲线对比该台架 Harman OE 2018；未找到 5128/GRAS 数值数据，Stereophile 文字描述方向一致,1,reports/beyerdynamic-dt-240-pro.html
krk-kns-6402,58,KRK,KNS 6402,99.0,在售,over-ear,动圈40mm,混音监听,36,95,dB/mW,34.8,False,61,56,52,54.0,60.0,-6.0,58.8,False,,,0,,high,proxy-measured,low,proxy,中频为主、低频偏少（前代代理曲线：超低频 -8.5 dB），2–3 kHz 抬升、10 kHz 有尖峰，整体偏亮、高频有起伏。,百元级跟踪录音耳机，隔音好、好推。前代 6400 的代理曲线显示低频偏少、高频有峰谷，适合跟踪录音和检查人声，不宜作为主力混音参考。,"6402 本体没有测量。代理数据是前代 KNS 6400 的 Innerfidelity HMS 数值曲线，Headphone.com Legacy 的曲线作交叉核对。选它的依据：两代官方规格完全相同（40 mm、36 Ω、95 dB/mW、10 Hz–22 kHz），发布新闻只提耐用性、舒适性和耳垫改进，没说换单元。前几轮说""标称频响变宽""是误读，headphonecheck 比较的其实是 8402。按 harman_oe_2018 分析：超低频 -8.5 dB、中低频 -3.4 dB、中频中性、低/中高频 -2 至 -2.6 dB、空气感 +2.2 dB，10 kHz 有尖峰。再结合评测共识，深挖重校为 58/58/55 → 61/56/52。耳垫换过，HMS 口径也不同，所以只能看趋势。",2,reports/krk-kns-6402.html
audix-a150,59,Audix,A150,199.0,在售,over-ear,动圈50mm,混音监听,30,103,unknown,88,True,65,74,66,70.0,66.3,3.7,69.1,False,,,0,,medium,consensus,medium,none,平直中性、低频紧而不夸张、声场自然的工作向封闭监听,专业媒体一致认可的平价混音参考，但各曲线库均无测量，听歌偏平淡,第四轮深挖仍无任何原始数值曲线或独立频响图，厂商规格书也没有频响图。说它是 HM5 类 OEM 的说法没有证据，未作代理。分数沿用 SOS、TapeOp、FOH、ProSoundWeb 的主观共识，新增的 Bonedo 评测与之一致，分数不变。,0,reports/audix-a150.html
beyerdynamic-dt-150,60,Beyerdynamic,DT 150,220.0,在售,over-ear,动圈,广播外景,250,97,dB/mW,15.8,False,46,58,55,56.5,67.2,-10.7,51.4,True,2.35,2.35,1,hms,high,measured,high,raw,中低频略鼓、中频平、6-8k凹陷加9.5k尖峰的锯齿状高频,极耐用的录音/外景监听耳机，中频贴合但低频偏厚、高频峰谷明显，不适合混音与Hi-Fi听歌,没有 5128 或 GRAS 曲线；打分依据 Innerfidelity HMS II.3 曲线（对照 Harman OE 2018，台架与目标不完全匹配），ASR/DAH 图作佐证,1,reports/beyerdynamic-dt-150.html
yamaha-hph-mt220,61,Yamaha,HPH-MT220,249.0,停产,over-ear,动圈45mm,混音监听,37,99,dB/mW,47.9,False,52,62,58,60.0,68.3,-8.3,56.5,True,3.61,3.61,1,hms,high,measured,medium,raw,中频略靠前、2-8kHz低于Harman目标，9k/12k各有窄峰的不平滑监听调音（Innerfidelity实测）,能帮人听出齿音，但高频峰谷交错、并不平直，佩戴偏硬，听歌只算中下,没有 5128 或 GRAS 曲线；打分依据 Innerfidelity HMS II.3 曲线（对照 Harman OE 2018），中频与 DAH 读法相反，暂无更高等级台架仲裁,1,reports/yamaha-hph-mt220.html
phonon-smb-02,62,Phonon,SMB-02,279.0,日本本土,over-ear,动圈,混音监听,40,100,dB/mW,50.0,False,45,72,72,72.0,69.3,2.7,57.2,True,3.34,3.34,1,hms,unknown,measured,medium,raw,中低频比Harman高约2-3dB、临场区略收、9-12kHz稍亮的暖调耐听混音监听（Innerfidelity实测）,日本混音圈口碑款，测量证实偏暖耐听，佩戴舒适、推力友好；5kHz有窄谷，隔音未知,Innerfidelity HMS II.3 曲线（AutoEq 换算 Harman OE 2018 偏差）；无 5128/GRAS 曲线,1,reports/phonon-smb-02.html
v-moda-m-200,63,V-Moda,M-200,349.0,停产,over-ear,动圈50mm,混音监听,30,101.5,dB/mW,58.6,False,48,68,60,64.0,71.3,-7.3,57.0,True,5.33,5.33,1,gras45,high,measured,medium,raw,中频为中心的暗声：低频相对 Harman 偏少，250Hz–2kHz 抬升，4–12kHz 大幅缺量，5kHz 有窄峰,好推、低失真、做工扎实；实测（oratory1990，ASR/Sonarworks 图片佐证）中频突出、低频高频双缺，低频声道失配，既不是中性参考也不是挑错型；夹力偏大，更适合录音跟踪。,oratory1990 GRAS 45BC KEMAR 曲线（fr_analyze vs Harman OE 2018）；无 5128 数据，ASR 图片佐证一致,1,reports/v-moda-m-200.html
audeze-lcd-2-closed,64,Audeze,LCD-2 Closed,899.0,停产,over-ear,平面振膜,Hi-Fi兼监听,70,101,dB/mW,45.5,False,50,84,77,80.5,79.8,0.7,65.3,True,2.12,2.12,1,gras45,medium,measured,medium,raw,接近 Harman 的均衡曲线：中低频中性、超低频略少，6kHz 有峰、9kHz 有深谷，极高频略多；声场以封闭式而言开阔,失真极低、频响接近目标的高素质封闭平板，适合作为耐听的 Hi-Fi 兼监听耳机；主要代价是 612g 的重量和高频的局部峰谷。,oratory1990 GRAS 45BC KEMAR 曲线（对照 Harman OE 2018）；无 5128 数据，Super Review 711 仿制曲线作佐证且结论一致,2,reports/audeze-lcd-2-closed.html
beyerdynamic-dt-770-m,65,Beyerdynamic,DT 770 M,199.0,在售,over-ear,动圈45mm,鼓手隔音,80,105,unknown,62,True,35,55,50,52.5,66.3,-13.8,44.0,True,4.4,4.4,1,gras45,very high,measured,medium,raw,偏暗、深低频不足的隔音工具型调音：100 Hz 附近有隆起，中下频偏厚，3–10 kHz 明显收敛,适合鼓手和 FOH 在高噪声环境下监听；测量显示偏暗、发闷，不适合混音或挑错，听歌不如 DT 770 Pro,oratory1990 GRAS 45BC KEMAR 曲线（对照 Harman OE 2018），全网唯一原始数值曲线，无 5128,1,reports/beyerdynamic-dt-770-m.html
pioneer-dj-hrm-6,66,Pioneer DJ,HRM-6,199.0,在售,over-ear,动圈40mm,混音监听,45,104.3,dB/mW,61.8,False,45,65,72,68.5,66.3,2.2,54.0,False,,,0,,medium,measured-image,medium,image,中低频加量、2–3 kHz 下凹的暖柔监听，人声略靠后，5–6 kHz 有小峰，13 kHz 以上滚降,耐听、好推、好戴的封闭监听，适合兼顾 DJ、制作和听歌；解析和声场只算中游,RAA HDM-X 曲线截图读图（没有原始数值，也没有 5128 或 GRAS 数据），加主观评测佐证,0,reports/pioneer-dj-hrm-6.html
austrian-audio-hi-x50,67,Austrian Audio,Hi-X50,249.0,在售,on-ear,动圈44mm,DJ/FOH,25,118,dB/V,62.5,False,55,72,66,69.0,68.3,0.7,62.7,False,,,0,,medium,measured-image,medium,image,低频饱满、高频偏亮的友好型轻V，中频1k峰/2k凹有着色,做工出色、易推的贴耳监听，调音友好但非严格挑错工具，贴耳舒适度因人而异（第四轮找到台湾普洛影音網的独立频响图，印证中频着色和 4–4.5k/8–9k 高频峰，但仍无原始数值曲线）,无原始数值曲线。有两份独立测量图片（普洛影音網 REW L/R 图，台架未注明，'HEQ补偿'疑为 miniDSP EARS，未证实；Sonarworks 图），只看图不取数。图片印证了中频着色（1 kHz 平台、2 kHz 凹）和高频峰（4–4.5 kHz、8–9 kHz）。图上低频偏低，与主观共识相反，疑为贴耳式在台架上漏气，不采信。分数仍主要依据 Sonarworks、SOS、headphonecheck、ProducerHive 的共识，维持 55/72/66 不变。evidence_level=measured 只表示存在独立测量图片。,0,reports/austrian-audio-hi-x50.html
focal-listen-pro,68,Focal,Listen Pro,299.0,在售,over-ear,动圈40mm,制作兼欣赏,32,122,dB/V,75.0,False,50,65,66,65.5,69.9,-4.4,56.8,True,,,0,,medium,measured,medium,raw,测量修正：低频相对 Harman 偏少约 4 dB，下中频略厚，2–5 kHz 明显回收，高频有窄峰（8–9 kHz 或 15 kHz）,舒适易推的制作兼欣赏封闭耳机，presence 凹陷加高频窄峰，使它既不算严格挑错，也不算典型暖声，建议校正后使用,Auriculares Argentina（KB501x + 711 仿制台架）曲线按 harman_oe_2018 分析为主，Innerfidelity HMS II.3 消费版 Listen 曲线作佐证；没有 5128 或 GRAS 数据,2,reports/focal-listen-pro.html
fostex-th-610,69,Fostex,TH-610,599.0,在售,over-ear,动圈50mm,Hi-Fi兼监听,25,98,dB/mW,47.8,False,30,74,76,75.0,76.1,-1.1,49.8,True,2.55,2.55,1,hms,medium,measured,medium,raw,暖厚木壳动圈：60–500 Hz 比 Harman 多约 3 dB，2–10 kHz 略收，约 7.6–8.2 kHz 有深谷、两侧有窄峰，声场近,好推、讨喜的 Hi-Fi 封闭耳机，适合听歌，不适合挑错混音（测量确认暖向调音；换开孔耳垫会明显变亮）,Innerfidelity HMS II.3 原装耳垫曲线（对照 Harman OE 2018）；oratory1990 GRAS 曲线是换装 Dekoni 开孔耳垫的版本，只作高频峰谷位置的佐证；没有 5128 数据,2,reports/fostex-th-610.html
sennheiser-hd-25-light,70,Sennheiser,HD 25 Light,99.0,在售,on-ear,动圈,DJ/外景,70,,unknown,80,True,52,62,62,62.0,60.0,2.0,56.5,False,,,0,,high,proxy-measured,medium,proxy,HD 25 家族式暖向调音：中低频偏厚（按 5128 换算约多 3 dB），约 8 kHz 有凸峰，10 kHz 以上滚降；贴耳式，声场小,轻便耐用、隔音好的 DJ/外景工具，现场监听够用，不宜作为混音参考,RTINGS B&K 5128 的现款 HD 25 代理曲线（对 5128 DF，换算到偏好中性），用 Earphones Archive 5128 的 HD 25-1 II 曲线交叉核对；Light 本身无原始数据（注：研究 agent 打分时对照的是 5128 扩散场系的基线；本页默认画的参考是 LMG 目标，低频比带 −1 dB/oct 倾斜的扩散场多约 3 dB、比不带倾斜的多约 8 dB，两条扩散场基线都可在图例里打开）,3,reports/sennheiser-hd-25-light.html
audix-a140,71,Audix,A140,99.0,在售,over-ear,动圈40mm,录音监听,32,97,unknown,82,True,58,63,60,61.5,60.0,1.5,60.2,False,,,0,,medium,consensus,low,none,大体中性、偏亮：中低频略凹，中高频到高频偏前、细节多，低频量感适中、偏紧,好推、轻便的平价跟录监听耳机，同价位里细节不错，适合录音和监听；四轮深挖仍没有找到任何频响测量，结论依据 Sound on Sound 和 Amazona.de 两篇主观评测,没有任何原始曲线，也没有测量图或厂商频响图。依据是两篇主观评测：Sound on Sound，加上第四轮新找到的 Amazona.de；再参考同类平价闭背监听的先验。音质从 62 调到 63，因为 Amazona 独立评价它在这个价位细节多、低频准确。,0,reports/audix-a140.html
beyerdynamic-dt-275-pro,72,Beyerdynamic,DT 275 Pro,149.0,在售,on-ear,动圈,广播外景,45,105,dB/mW,64.0,False,55,65,52,58.5,63.7,-5.2,59.5,False,,,0,,very high,measured-image,medium,image,低频紧实、延伸好，1-3kHz 突出，3-8kHz 凹陷，高频偏暗且不平，是偏人声工作的调音,高隔音贴耳式耳机，适合嘈杂现场和人声监听；当工作工具很称职，但不 EQ 的话听歌一般,DIY-Audio-Heaven 自制平板台架的频响图与文字（只有图片，无数值），headphonecheck.com 主观评测作补充；没有 5128 或 GRAS 数据,0,reports/beyerdynamic-dt-275-pro.html
akg-k275,73,AKG,K275,149.0,在售,over-ear,动圈50mm,录音监听,32,109,dB/V,30.7,False,38,57,63,60.0,63.7,-3.7,46.6,True,3.34,3.34,1,5128,high,measured,medium,5128,低频猛的暖向封闭调音：低频比 5128 DF 高约 10 dB 且一直延伸到 20 Hz，中低频偏厚，1–3 kHz 突出（带鼻音），3.6 kHz 有凹陷，超高频滚降,好推、隔音好的折叠监听；5128 实测证实低频明显过量、中频有染色，素质中下（测量者评级 D+），被同价的 K371 压制；可用于录音跟听，不适合当混音参考,Earphones Archive 的 B&K 5128 L/R 平均曲线对比 5128 DF（fr_analyze）：低频 +10 dB（约比偏好中性多 4–6 dB），200–500 Hz +4.6 dB，1–3 kHz +2.7 dB，10–20 kHz −4.8 dB（注：研究 agent 打分时对照的是 5128 扩散场系的基线；本页默认画的参考是 LMG 目标，低频比带 −1 dB/oct 倾斜的扩散场多约 3 dB、比不带倾斜的多约 8 dB，两条扩散场基线都可在图例里打开）,1,reports/akg-k275.html
fostex-tr-80-80-250,74,Fostex,TR-80 (80/250Ω),149.0,在售,over-ear,动圈40mm,录音监听,80,95,dB/mW,25.0,False,48,60,58,59.0,63.7,-4.7,53.4,False,,,0,,medium,measured-image,medium,image,中低频鼓包约 +5~6 dB、超低频滚降，4 kHz 存在感凹陷，另有一个 5.6 kHz 窄峰；整体偏厚不亮,做工扎实、可模块化维修的封闭监听；测量显示曲线不平整，中低频偏厚且有高频窄峰，不适合中性混音；需要耳放，素质中规中矩,Crinacle GRAS 43AG-7 曲线截图读图（原始 txt 403 无法取得），无 5128 数据，分数不变,0,reports/fostex-tr-80-80-250.html
sony-mdr-7510,75,Sony,MDR-7510,150.0,停产,over-ear,动圈50mm,录音监听,24,108,dB/mW,81.9,False,72,64,63,63.5,63.7,-0.2,68.4,False,,,0,,medium,measured-image,medium,image,索尼监听家族调音：中低频鼓包、超低频滚降、2-3kHz 前倾，8kHz 有尖峰，高频锯齿,比 7506 舒适、低频更有量的监听耳机；测量显示高频并不如评测所说那么顺，8kHz 尖峰有齿音风险（测量修正）,Crinacle GRAS 43AG-7 曲线截图读图（原始 txt 403 无法取得），无 5128 数据，分数不变,0,reports/sony-mdr-7510.html
fiio-ft1,76,FiiO,FT1,150.0,在售,over-ear,动圈60mm,Hi-Fi兼监听,32,98,dB/mW,46.8,False,35,70,78,74.0,63.7,10.3,50.8,True,1.65,2.28,2,5128 gras45,medium,measured,high,5128,暖向低频加量型：5128 上相对 DF 为 +10.5/+7 dB（约等于中性偏好再加 5 dB 超低频），中频平直，高频平均量合适但呈锯齿（约 6 kHz、14-15 kHz 窄峰，约 9 kHz 谷），且随佩戴位置变化大,六份测量（含 5128）一致的高性价比听歌型封闭耳机；低频厚、中频自然，高频不平顺、定位一般，不适合挑错,EarphonesArchive B&K 5128（居中佩戴，L/R 平均），对 bk5128_df 分析；oratory1990 GRAS 45BC KEMAR 等 5 条曲线佐证，6-10 kHz 平均量的分歧以 5128 为准,10,reports/fiio-ft1.html
avantone-mp1-mixphones,77,Avantone,MP1 Mixphones,199.0,在售,over-ear,动圈,混音检查,16,113,dB/mW,100,False,55,64,56,60.0,66.3,-6.3,59.1,False,,,0,,high,consensus,low,none,中频导向的混音检查耳机，带立体声/单声道/Mixcube 三档，上低频略暖,单声道和中频检查很实用，极易推；但没有公开测量，550g 偏重，不适合长时间听歌,四轮深挖都没找到任何客观频响（数值和图片都没有）。评分依据三家专业文字测评的共识（Sound On Sound、MusicTech，本轮新增 kopfhoerer.de）和官方规格。三家对 S 档风格的描述有分歧，分数不变（55/64/56）,0,reports/avantone-mp1-mixphones.html
roland-rh-300,78,Roland,RH-300,199.0,在售,over-ear,动圈,电子乐器监听,40,101,dB/mW,53.1,False,38,64,70,67.0,66.3,0.7,49.7,False,,,0,,medium,measured-image,medium,image,偏暖，低频延伸好，3.5kHz 凹陷使声音略闷，不易疲劳,耐听舒适的封闭监听，适合电子乐器返听和日常听歌，不适合挑错,没有原始数值曲线；依据 DIY-Audio-Heaven 自制系统图表的定性读图和社区主观评价，分数不变,0,reports/roland-rh-300.html
mackie-mc-350,79,Mackie,MC-350,199.0,在售,over-ear,动圈,混音监听,32,97,dB/mW,43.5,False,62,70,64,67.0,66.3,0.7,65.6,False,,,0,,medium,consensus,medium,none,中性偏亮、偏前：中高频清晰，低频紧而有冲击,做工扎实、声音直接的封闭监听，适合录音和混音参考；夹力偏紧，没有公开测量数据,第四轮深挖仍然没有找到任何原始曲线或测量图片（5128、GRAS 和其他台架都没有）。评分继续以 headphonecheck、SOS、HomeDJStudio 三篇主观评测的共识为准，新增的 beat.de 评测与这一共识一致，分数不变。推力依据说明书的 97 dB/mW 与 32 Ω（约 112 dB/V）。,0,reports/mackie-mc-350.html
aiaiai-tma-2-studio,80,AIAIAI,TMA-2 Studio,200.0,在售,over-ear,动圈40mm,混音监听（模块化）,32,113,dB/mW,93.6,False,45,68,72,70.0,66.3,3.7,55.4,False,,,0,,high,proxy-measured,medium,proxy,中性偏暖：低频和中低频紧实有冲击，12 kHz 以上略收，声场偏近,轻巧舒适的模块化封闭耳机，适合电子乐制作和 DJ，不是严格挑错的监听,没有 Studio 预设（S05+E08）本身的曲线；评分依据 headphonecheck 与 Attack 的主观共识，RTINGS 5128 的 TMA-2 DJ 和 oratory1990 GRAS 的 TMA-2 HD Wireless 两条代理曲线只确认低频偏多、中高频偏收的大方向,2,reports/aiaiai-tma-2-studio.html
pioneer-dj-hdj-x10,81,Pioneer DJ,HDJ-X10,349.0,在售,over-ear,动圈50mm,DJ 旗舰,32,106,dB/mW,71.8,False,33,66,71,68.5,71.3,-2.8,47.9,False,,,0,,high,measured-image,medium,image,偏暖、低频加重的DJ调音，中频平直，约5kHz明显凹陷，8kHz以上回到近平直（温和L形/浅V）,耐用、隔音好、易推的DJ旗舰；低频量足、上中频收敛，耐听，适合电子/嘻哈，不适合线性监听,第四轮深挖找到 iXBT ProSound 的 B&K 4153（IEC 60318-1 平板耦合器）独立频响图（只有图片，未数字化）：80–120Hz 宽峰、300Hz–1kHz 平、约 5kHz 深凹陷、8kHz 回升。另有 head-fi 用户转述的 Sonarworks SoundID 校准曲线：50–300Hz 约 +3dB、5kHz 约 −6dB、8kHz 以上在平直 ±3dB 内，两者一致。结合主观共识重校：挑错度 35→33，听歌适配 70→71，音质 66 不变。没有 5128 或 GRAS 数值曲线。,0,reports/pioneer-dj-hdj-x10.html
ultrasone-signature-master,82,Ultrasone,Signature Master,599.0,停产,over-ear,动圈40mm,混音母带,34,97.2,dB/mW,43.5,False,62,72,60,66.0,76.1,-10.1,66.5,False,,,0,,high,proxy-measured,low,proxy,中频为主的S-Logic调音：低频相对偏好克制，3-6kHz存在感区明显下凹，有一处窄高频峰（约3.6k或6k），空气感偏少；整体不算亮（依据MkII的5128代理曲线）,偏监听向的封闭耳机，解析和瞬态好；窄高频峰让声音偏刺，存在感区凹陷，低频克制，夹力高，听歌一般,Earphones Archive 的 B&K 5128 曲线（兄弟型号 Signature Master MkII 两台样本，L/R 平均）对照 5128 DF 分析，再结合 headphonecheck 和 sandalaudio 对初代的听感（注：研究 agent 打分时对照的是 5128 扩散场系的基线；本页默认画的参考是 LMG 目标，低频比带 −1 dB/oct 倾斜的扩散场多约 3 dB、比不带倾斜的多约 8 dB，两条扩散场基线都可在图例里打开）,2,reports/ultrasone-signature-master.html
audix-a145,83,Audix,A145,129.0,在售,over-ear,动圈45mm,录音监听（增强低频）,32,97,unknown,88,True,45,60,66,63.0,62.4,0.6,51.8,False,,,0,,medium,prior-only,low,none,增强低频的轻V监听（由家族先验推断，无测量）,好推的增强低频监听，但几乎没有公开测量和独立评测，暂给中游分。,没有任何曲线（5128 及其他台架都没有），分数按厂商定位和 A 系列家族口碑的先验给出，三项都不变。,0,reports/audix-a145.html
pioneer-dj-hrm-5,84,Pioneer DJ,HRM-5,129.0,在售,over-ear,动圈40mm,录音监听,32,100,unknown,88,True,50,55,62,58.5,62.4,-3.9,52.2,False,,,0,,medium,measured-image,low,image,中低频（100–130 Hz）有鼓包、偏暖的轻V型入门监听；超低频不算多，4.5 kHz 有谷，6 kHz 有尖峰，高频因此可能发脆,便宜好推、戴着舒服的入门制作监听；中低频有鼓包，6 kHz 有尖峰，细节中等，不适合精细混音。,第四轮深挖找到 iXBT ProSound 的一张独立频响图（RMAA 测量，B&K 4153 平板耦合器，IEC 60318-1，没有耳廓），但只有图片，没有原始数值，所以没有写 CSV，也没有跑 fr_analyze。只做了定性读图：100–130 Hz 比 1 kHz 高约 8 dB，60 Hz 以下不算多，4.5 kHz 有谷，6 kHz 有约 +5 dB 的尖峰。读图结果和 DDJT、samma3a、Plastic Audio 的评测共识，以及 iXBT 自己的听感（音色较平、细节中等、低频饱满度不足）一致，所以分数不变。evidence_level 填 measured 只代表有独立图片，置信度仍为低。,0,reports/pioneer-dj-hrm-5.html
sennheiser-hd-620s,85,Sennheiser,HD 620S,349.0,在售,over-ear,动圈42mm,Hi-Fi兼监听,150,110,dB/V,37.6,False,40,76,78,77.0,71.3,5.7,56.2,True,2.0,2.23,4,5128 gras45,medium,measured,high,5128,暖、放松：5128 低频比 DF 高 2–5 dB（落在偏好中性区间），1–6 kHz 系统性偏低 2–4 dB，3.9 kHz 深凹陷，8.4 kHz 窄峰，10 kHz 以上滚降,600 系中频底子的暖声消费向封闭，耐听、适合长时间听歌，存在感收敛使挑错偏弱，性价比一般,EarphonesArchive 两个样品与 RTINGS 共三条 B&K 5128 原厂垫曲线对比 5128 DF；oratory1990 GRAS 作佐证（其 9.5 kHz 凹陷/air 偏高与 5128 矛盾，以 5128 为准）（注：研究 agent 打分时对照的是 5128 扩散场系的基线；本页默认画的参考是 LMG 目标，低频比带 −1 dB/oct 倾斜的扩散场多约 3 dB、比不带倾斜的多约 8 dB，两条扩散场基线都可在图例里打开）,12,reports/sennheiser-hd-620s.html
ultrasone-pro-900i,86,Ultrasone,Pro 900i,449.0,在售,over-ear,动圈40mm,混音审听,40,96,unknown,70,True,65,66,58,62.0,73.5,-11.5,65.5,False,,,0,,high,proxy-measured,low,proxy,低频明显加量、中频凹、3-4k/6.5k/12-15k 尖峰配 8-9.6k 深凹的 V 型，声场在封闭耳机里算开阔,隔音好、空间感强的 V 型封闭耳机，能帮助查齿音，但高频峰谷尖锐，不适合当平直的监听尺子，高频敏感的人慎选,没有 5128 或 GRAS 数据，打分依据是两条老款 Pro 900 的 HMS II.3 代理曲线（Innerfidelity、Headphone.com Legacy），只看趋势；分数不变,2,reports/ultrasone-pro-900i.html
superlux-hd662evo,87,Superlux,HD662EVO,40.0,在售,over-ear,动圈,混音监听,32,98,dB/mW,46.8,False,45,58,60,59.0,51.9,7.1,50.9,False,,,0,,medium,measured-image,medium,image,超低频搁架（约 +7–8 dB）加 9 kHz 尖峰的 V 型取向，220 Hz 凹陷使人声偏干靠前，4 kHz 失真约 6%,40 美元级封闭耳机，够用、隔音好，但测量显示原厂频响起伏大、并不均衡，夹得紧，不适合当严肃混音参考,无原始数值数据；沿用 DIY-Audio-Heaven 自制台架频响/失真图读图加主观共识，分数不变,0,reports/superlux-hd662evo.html
takstar-pro-82,88,Takstar,PRO 82,59.0,在售,over-ear,动圈,混音入门,32,100.7,dB/mW,55.2,False,55,57,64,60.5,55.4,5.1,55.9,True,2.17,2.17,1,gras45,high,measured,medium,raw,低频接近 Harman、1–3 kHz 上中频前倾（+2 dB）、4–6 kHz 回收，8 kHz 与超高频有窄峰；三档低频可调,便宜、舒适、隔音好，低频可调，但测量显示上中频前倾、多处窄峰谷，另有单一来源报告大功率下损坏，入门混音只能当辅助参考,oratory1990 GRAS 45BC KEMAR 曲线对比 Harman OE 2018；Sai 的 GRAS 43AG-4 三档曲线佐证，两者一致；无 5128 数据,5,reports/takstar-pro-82.html
status-audio-cb-1,89,Status Audio,CB-1,99.0,在售,over-ear,动圈50mm,混音入门,32,119,dB/V,65.7,False,48,58,60,59.0,60.0,-1.0,52.5,True,1.52,1.52,1,hms,medium,measured,medium,raw,中低频准中性，高频均值比 Harman 低约 2 dB 偏暗，但 3.5k/9k 附近有尖锐窄峰,好推、低失真的入门封闭监听；测量显示中频中性、高频偏暗且带窄峰共振，小耳罩佩戴是硬伤，EQ 后提升明显,Innerfidelity HMS II.3 曲线（SM-CB1）对比 Harman OE 2018，只看方向；未找到 5128 或 GRAS 数值数据,1,reports/status-audio-cb-1.html
direct-sound-studio-plus,90,Direct Sound,Studio Plus,149.0,在售,over-ear,动圈,录音隔音,32,110,dB/mW,84.2,False,38,52,55,53.5,63.7,-10.2,44.3,False,,,0,,very high,measured-image,low,image,隔音优先：1.5-2kHz 温和提升，不够平直，高频清晰度偏弱,适合录音、鼓手和嘈杂环境的高隔音舒适耳机，不适合精细混音；本机无任何测量，只有原版 EX-29 的 DIY 代理图，置信度低,没有本机原始曲线。依据 Cinema Sound 主观评测和同系列 EX29 的先验打分；第四轮只找到原版 EX-29（2009 年，非 Plus）在 hebiheadphone 的 DIY 未补偿频响图（仅图片，中频突出、两端收窄、高频起伏大），方向与现有判断一致。分数不变（38/52/55）,0,reports/direct-sound-studio-plus.html
monoprice-monolith-m565c,91,Monoprice,Monolith M565C,199.0,在售,over-ear,平面振膜,Hi-Fi兼监听,18,96,dB/mW,39.2,False,42,68,66,67.0,66.3,0.7,53.7,False,,,0,,medium,measured-image,medium,image,柔和型封闭平板：低频中性偏少（约比 Harman 少 4–5 dB），1.5–2 kHz 前移让人声靠前，3–8 kHz 收敛，不刺激,平价封闭平板，做工好、听感耐听；没有原始数值曲线，只有 Wirecutter 一张 GRAS 43AG+KB5000 测量图，显示低频并不厚，和旧共识说的“暖、低频足”有矛盾；耳垫偏小，原装线材差,没有数值曲线；第四轮核实 Wirecutter 图片来自独立的 GRAS 43AG + KB5000 台架（依据：ASR 45849 帖的转述，以及 Wirecutter 其他文章写明使用 GRAS 43AG），所以 evidence_level 从 consensus 改为 measured（只有图片）。评分以这张图的读图走向加评测共识为准。开放版 M565 的 ASR GRAS 45CA 测量只作旁证，没有当作代理（单元不同）。三项分数不变。,0,reports/monoprice-monolith-m565c.html
ultrasone-performance-880,92,Ultrasone,Performance 880,299.0,停产,over-ear,动圈40mm,混音监听,32,98,dB/mW,46.8,False,55,64,64,64.0,69.9,-5.9,59.1,False,,,0,,medium,measured-image,medium,image,大体均衡，100Hz 有共振峰、240Hz 有凹陷，5kHz 偏亮，S-Logic 声场开阔,声场和佩戴不错的中档封闭监听，但实测低频失真偏高、240Hz 有声学抵消凹陷，低频判断不够干净,没有找到原始数值曲线；依据 SoundStage 的 GRAS 43AG 曲线图（按文字描述定性判断）加评测共识，分数不变,0,reports/ultrasone-performance-880.html
audio-technica-ath-m30x,93,Audio-Technica,ATH-M30x,69.0,在售,over-ear,动圈40mm,入门陪听,47,96,dB/mW,35.3,False,50,55,58,56.5,56.8,-0.3,52.2,True,3.34,3.34,1,hms,medium,measured,medium,raw,低频量感接近 Harman，1-2k 略前倾，高频先凹后冒尖、呈锯齿形,能干活的入门监听，素质和高频平直度都是入门级；同价位差价不大时 M40x 更值,唯一数值曲线是 RTINGS HMS II.3（经 AutoEq 收录），对比该台架修正后的 Harman 目标；没有 5128 或 GRAS 数据，分数不变,1,reports/audio-technica-ath-m30x.html
takstar-pro-80,94,Takstar,PRO 80,79.0,在售,over-ear,动圈,录音监听,60,101.9,dB/mW,50.4,False,42,60,63,61.5,58.0,3.5,50.1,True,3.91,3.91,1,hms,medium,measured,medium,raw,偏暖、中低频饱满，3-6k 收敛，但 9-11k 有几个窄峰,讨喜耐听的平价封闭耳机，适合听歌和录音跟听，不适合当挑错主力,Innerfidelity HMS II.3 曲线（AutoEq 收录），用 harman_oe_2018 复核；没有 5128 或 GRAS 数据,1,reports/takstar-pro-80.html
akg-k175,95,AKG,K175,99.0,在售,on-ear,动圈40mm,便携监听,32,114,dB/V,50.1,False,48,55,58,56.5,60.0,-3.5,51.2,False,,,0,,medium,consensus,medium,none,低频偏多、高频偏暗，2 kHz 附近中频突出、声音偏闷，整体暖而松弛，声场偏窄（依据德语评测共识，没有测量）,可折叠压耳式便携监听，手机直推即可，隔音不错，适合跟踪、现场和 DJ 监听；低频偏重、高频偏暗、中频偏闷，不适合混音，夹力大。,"第四轮深挖仍无任何 K175 曲线或独立频响图。深挖重校：挑错度 62→48，音质 58→55，听歌适配 55→58。原因是德语原版 kopfhoerer.de 和 delamar.de 都说低频偏多、高频偏暗、2 kHz 附近偏闷；headphonecheck 英文页""低频少于高频""应是误译，因此风格从偏亮改为暖闷。兄弟型号 K245/K275 的 5128 曲线单元不同（50 mm、罩耳式），未作代理。",0,reports/akg-k175.html
mackie-mc-250,96,Mackie,MC-250,99.0,在售,over-ear,动圈,录音监听/混音入门,38,100,unknown,78,True,45,68,72,70.0,60.0,10.0,55.4,True,1.85,1.85,1,gras45,medium,measured,high,raw,测量上接近 Harman OE 2018 的均衡调音：低频扎实可控，超低频略有衰减，4-5k 小凹陷，约 6k 和 11k 各有一处窄峰,百元级曲线表现优秀的封闭监听，适合录音跟踪和入门混音参考，听歌也讨喜；声场偏头内，灵敏度单位未公开。,oratory1990 GRAS 45BC KEMAR 曲线，用 harman_oe_2018 复核；没有 5128 数据,1,reports/mackie-mc-250.html
direct-sound-ex-29-plus,97,Direct Sound,EX-29 Plus,129.0,在售,over-ear,动圈,鼓手隔音,32,114,dB/mW,96.7,False,45,56,52,54.0,62.4,-8.4,50.0,False,,,0,,very high,measured-image,low,image,中性略暗、耐听的隔音工具型调音；原版代理测量显示中低频厚、低频下潜与高频偏收,隔音一流（36.7 dB），声音合格可用，适合鼓手和跟踪录音，不适合做挑错或混音参考。,Plus 版没有任何测量。第四轮找到日本 hebiheadphone 对上一代原版 EX-29 的独立频响图：只有图片，台架是 Behringer ECM8000 加自制夹具，没有仿真耳。图上约 300–400 Hz 中低频最高，100 Hz 以下滚降，5 kHz 以上下降并有深谷，整体偏暗，与评测共识方向一致。版本不符，台架又廉价，所以只作代理参考。分数维持 45/56/52（深挖重校：不变）。,0,reports/direct-sound-ex-29-plus.html
pioneer-dj-hdj-x7,98,Pioneer DJ,HDJ-X7,199.0,在售,over-ear,动圈50mm,DJ,36,102,unknown,78,True,36,58,62,60.0,66.3,-6.3,45.9,True,,,0,,medium,measured,medium,raw,低频加量（比 KEMAR DF 高约 4-5 dB）、1-4 kHz 略收、4-9 kHz 明显偏少（8 kHz 附近有窄峰）的暖暗型 DJ 调音（仿制 KB006x 台架实测）,耐用、能开大音量的 DJ 监听耳机。实测低频有量、高频收敛，听感暖而不刺，但高频凹陷深，左右低频相差约 2.4 dB，夹力也大，不适合做混音或挑错参考。,唯一的数值来源：Listener 仿制 KB006x 台架，L/R 各 3 次共 6 次佩戴取平均，对照同站的 KEMAR DF (KB006x) 基线来读；无 5128/GRAS，6 kHz 以上仅作参考,1,reports/pioneer-dj-hdj-x7.html
ultrasone-pro-580i,99,Ultrasone,Pro 580i,199.0,在售,over-ear,动圈40mm,录音监听,32,101,unknown,85,True,60,62,64,63.0,66.3,-3.3,60.9,False,,,0,,medium,proxy-measured,low,proxy,V 型：低频比偏好中性多约 2-4 dB，中频平直，6-10 kHz 偏多，约 13.5 kHz 有毛刺（5128 代理测量）,好推、舒适、声场偏宽的 S-Logic 封闭监听；低频量足，6-10 kHz 偏亮，挑错度中等，听歌比上一轮判断更耐听，但只有前代型号的代理测量。,Earphones Archive 的 B&K 5128 HFI-580（代理，默认耳垫，L/R 平均）曲线，对 5128 DF 分析；Headphone.com 旧台架显示低频少、3-4k 有峰，与 5128 矛盾，以 5128 为准（注：研究 agent 打分时对照的是 5128 扩散场系的基线；本页默认画的参考是 LMG 目标，低频比带 −1 dB/oct 倾斜的扩散场多约 3 dB、比不带倾斜的多约 8 dB，两条扩散场基线都可在图例里打开）,3,reports/ultrasone-pro-580i.html
beyerdynamic-dt-100,100,Beyerdynamic,DT 100,200.0,在售,over-ear,动圈,广播,400,94,unknown,25,True,42,50,40,45.0,66.3,-21.3,45.6,False,,,0,,high,proxy-measured,medium,proxy,偏暗、偏暖：低中频鼓包，presence 缺量，中频有腔体空洞感,皮实、隔音好的广播和人声监听老将，挑错能力与听歌素质都有限，400Ω 版本需要耳放。,唯一曲线：Innerfidelity HMS II.3 的 2kΩ 老版本，对 Harman OE 2018 分析；没有找到 5128 或 GRAS 曲线,1,reports/beyerdynamic-dt-100.html
v-moda-m-100-master,101,V-Moda,M-100 Master,229.0,停产,over-ear,动圈50mm,DJ/欣赏,32,107,dB/mW,74.9,False,28,64,68,66.0,67.5,-1.5,44.2,True,,,0,,medium,measured,medium,raw,暖向、中低频猛：60–200Hz 约 +5 dB，低中频略凹，6–10k 略少，10–13k 有尖峰（GRAS 实测）,做工结实、手机好推的中低频向 DJ/娱乐耳机，高频有尖峰且起伏大，不适合挑错；有本型号 GRAS 实测，但没有 5128 数据,unheardlab 的 GRAS 43AG-4 本型号曲线（L/R 平均），对照 Harman OE 2018；前代 M-100 的 Innerfidelity HMS 曲线只作佐证,2,reports/v-moda-m-100-master.html
ultrasone-signature-pure,102,Ultrasone,Signature Pure,182.0,在售,over-ear,动圈50mm,DJ/制作,32,114,unknown,72,True,40,60,64,62.0,65.5,-3.5,49.0,True,3.64,3.64,1,5128,high,measured-twin,medium,twin,低频加强的暖色调：5128 上低频比 DF 高 8-10 dB（约比偏好中性多 4 dB），presence 基本到位，5.7k 深窄凹陷、8.2k 窄峰 +8 dB，12k 以上滚降,隔音强的娱乐向低频耳机，中高频呈锯齿状，不适合做挑错监听,EarphonesArchive 的 B&K 5128 曲线（Signature Pure White，L/R 平均）对比 5128 DF；GRAS 43AG-4 与 kr0mka 两条曲线作佐证；上一轮的“3k 尖峰”经 5128 修正为正常耳道增益（注：研究 agent 打分时对照的是 5128 扩散场系的基线；本页默认画的参考是 LMG 目标，低频比带 −1 dB/oct 倾斜的扩散场多约 3 dB、比不带倾斜的多约 8 dB，两条扩散场基线都可在图例里打开）,3,reports/ultrasone-signature-pure.html
sennheiser-hd-200-pro,103,Sennheiser,HD 200 Pro,69.0,在售,over-ear,动圈,入门陪听,32,,unknown,85,True,30,57,62,59.5,56.8,2.7,42.2,True,3.0,3.0,1,5128,medium,measured,medium,5128,暖暗取向：低频比 5128 DF 高约 +6 dB（处于偏好中性区间的上沿），4.3 kHz 有深窄凹陷，高频比偏好基线还暗约 3 dB，15 kHz 以上下滑很快,低频饱满、高频柔和的入门陪听耳机，舒适耐听。4.3k 深凹、高频延伸弱，不适合挑错；声道一致性受品控影响，不同样品表现不一,以 Earphones Archive 的 B&K 5128 曲线（L/R 平均）对照 5128 DF 为主，Listener 与 Boizoff 的 711 类曲线作佐证，四条曲线走势一致（注：研究 agent 打分时对照的是 5128 扩散场系的基线；本页默认画的参考是 LMG 目标，低频比带 −1 dB/oct 倾斜的扩散场多约 3 dB、比不带倾斜的多约 8 dB，两条扩散场基线都可在图例里打开）,4,reports/sennheiser-hd-200-pro.html
akg-k92,104,AKG,K92,69.0,在售,over-ear,动圈40mm,入门陪听,32,113,dB/V,46.9,False,28,50,58,54.0,56.8,-2.8,37.9,True,6.91,6.91,1,gras45,unknown,measured,high,raw,暖而闷：低频和中低频比 Harman 多 2-4 dB，1-3kHz 缺约 10dB、3-6kHz 缺约 5dB，6.8k 有小峰（oratory1990 GRAS 实测）,佩戴舒适、手机易推的暖闷型入门耳机，presence 缺失严重，解析和人声清晰度不足,oratory1990 的 GRAS 45BC KEMAR 曲线对比 Harman OE 2018；无 5128 数据，分数不变,1,reports/akg-k92.html
technics-eah-dj1200,105,Technics,EAH-DJ1200,179.0,在售,on-ear,动圈40mm,DJ,45,106,dB/mW,67.1,False,42,62,62,62.0,65.3,-3.3,51.0,False,,,0,,medium,consensus,low,none,低频深而有冲击的贴耳 DJ 调音，比老款 RP-DJ1200 更均衡，高频明亮（仅凭评测，无测量）,响、有冲击力、大音量下干净的 DJ 贴耳耳机，头大的人会觉得夹；各大曲线库（含 5128 与 GRAS）都没有这款的测量，结论置信度低,第四轮深挖后仍没有任何原始曲线或独立测量图，厂商图也没有；分数仍依据评测共识和规格，42/62/62 不变,0,reports/technics-eah-dj1200.html
audio-technica-ath-pro7x,106,Audio-Technica,ATH-PRO7X,199.0,在售,on-ear,动圈45mm,DJ,35,100,dB/mW,51.8,False,52,63,62,62.5,66.3,-3.8,57.0,False,,,0,,medium,consensus,low,none,低频暖厚，中高频略带锋芒，高频偏突出，评测称其频响不中性（仅凭评测，无测量）,舒适、瞬态快的 DJ 耳机，适合 DJ 监听和录音监听，不适合做混音决策；各大曲线库都没有这款的测量，结论置信度低,第四轮深挖（全量 squig 索引、同门/前代溯源、日韩中德多语种来源、Wayback/Stereophile、YouTube）仍然没有找到任何原始数值或独立频响图。老款 PRO700/PRO700MK2（53 mm 单元）和 PRO5X（40 mm 单元）的规格都不同，不能当代理。打分沿用 headphonecheck、Attack、Mixdown、MusicTech 的主观共识，分数不变（52/63/62）,0,reports/audio-technica-ath-pro7x.html
superlux-hd662f,107,Superlux,HD662F,35.0,在售,over-ear,动圈,混音监听,32,98,dB/mW,46.8,False,72,50,42,46.0,50.7,-4.7,62.1,True,2.27,2.27,1,gras45,medium,measured,medium,raw,超低频缺量、中频平直，5.7 kHz 有约 +10 dB 窄峰，偏亮、易齿音,便宜而刺的挑错型封闭耳机，高频窄峰明显，不适合当主力混音耳机，听歌需要 EQ,oratory1990 GRAS 45BC KEMAR 原装耳垫曲线 vs Harman OE 2018；换 Brainwavz XL 耳垫版本同样有 5.75k 窄峰，作为佐证；无 5128,2,reports/superlux-hd662f.html
superlux-hd669,108,Superlux,HD669,45.0,在售,over-ear,动圈,录音监听/混音,56,98,dB/mW,39.2,False,61,55,50,52.5,52.9,-0.4,58.3,False,,,0,,high,consensus,low,none,偏亮的 V 型（无测量）：用户描述为超低频和 5–12 kHz 双抬，kopfhoerer.de 则称低频不臃肿、高频偏硬；都不支持“中性偏暖”,便宜、隔音好的封闭式录音耳机，适合跟踪录音和舞台监听；但声音偏亮、高频偏硬，夹得紧，不算中性的混音监听；没有任何测量，置信度低,第四轮深挖仍没有找到原始数值或独立的测量图，依旧按主观共识打分。新增 kopfhoerer.de 的专业主观评测：偏亮、高频偏硬、低频不臃肿、隔音出色。深挖重校：挑错度 58→61，听歌适配 52→50，音质 55 不变；隔音从 medium 改为 high。,0,reports/superlux-hd669.html
audio-technica-ath-m20x,109,Audio-Technica,ATH-M20x,49.0,在售,over-ear,动圈40mm,入门陪听,47,96,dB/mW,35.3,False,30,55,60,57.5,53.7,3.8,41.2,True,2.94,3.54,2,gras45 hms,low,measured,high,raw,偏暗、中频靠前：presence 段（4-6k）深凹约 7 dB，超低频衰减，高频收敛,便宜、耐听、易推的偏暗入门监听；会掩盖齿音和瑕疵，不适合挑错，隔音偏弱，低频下潜一般,oratory1990 GRAS 45BC KEMAR 曲线 vs Harman OE 2018；RTINGS HMS II.3 与 AudioAmigo KEMAR 曲线佐证 presence 深凹和超低频不足；无 5128,3,reports/audio-technica-ath-m20x.html
superlux-hd660pro,110,Superlux,HD660PRO,49.0,在售,over-ear,动圈,录音监听,150,,unknown,55,True,62,58,58,58.0,53.7,4.3,60.2,True,1.86,1.86,1,gras45,medium,measured,high,raw,大体接近 Harman，低频略多；2k 抬升，6.3k 尖峰、9k 凹陷，高频参差,低频不薄、偏监听取向的平价封闭耳机；齿音和高频毛刺会被放大，素质属入门水平,oratory1990 的 GRAS 45BC KEMAR 曲线（150 Ω 版），对比 Harman OE 2018；没有 5128 数据,1,reports/superlux-hd660pro.html
behringer-bh770,111,Behringer,BH770,35.0,停产,over-ear,动圈,录音监听,80,96,dB/mW,28.1,False,72,42,42,42.0,50.7,-8.7,58.5,False,,,0,,medium,measured-image,medium,image,偏亮、上扬：低频到中频大致平直、不抬升，4 kHz 有深谷，7-8 kHz 有很高的尖峰，齿音尖锐,便宜、偏亮的挑错型入门监听，适合查齿音和高频问题，但不能用来判断低频，听歌容易累。,"第四轮在 webstudius.com 找到一张独立的 REW 测量图（L/R 两条，1/6 倍频程平滑，台架未知、未补偿），只有图片，没有数值。图上能看到 7-8 kHz 的尖峰、低频不抬升和 4 kHz 深谷，与评测共识一致，所以三项分数都不变（72/42/42）。证据等级按""只有独立图片""填 measured，但不能和 5128 或 Harman 目标做量化对比。作者云盘里有 REW 原始文件（.mdat），本轮没有下载。",0,reports/behringer-bh770.html
akg-k182,112,AKG,K182,99.0,在售,over-ear,动圈50mm,DJ/鼓手,32,112,dB/V,43.7,False,40,56,60,58.0,60.0,-2.0,47.2,True,4.62,4.62,1,5128,medium,measured,medium,5128,低频猛、暖向：20-200 Hz 比 5128 DF 高 9-10 dB（比中性偏好多约 4-5 dB），1-2.5 kHz 凹，3.1 kHz 和 8.4 kHz 有窄峰、4.4 kHz 有深谷，空气感不足,好推、低频量足、有冲击力的平价封闭监听，适合 DJ、鼓手和电子乐；上中频凹、高频有窄峰，不适合做精细混音。,Earphones Archive squig 的 B&K 5128 曲线（L/R 平均），用 fr_analyze 对照 5128 DF 分析；只有这一条曲线（注：研究 agent 打分时对照的是 5128 扩散场系的基线；本页默认画的参考是 LMG 目标，低频比带 −1 dB/oct 倾斜的扩散场多约 3 dB、比不带倾斜的多约 8 dB，两条扩散场基线都可在图例里打开）,1,reports/akg-k182.html
ultrasone-pro-480i,113,Ultrasone,Pro 480i,129.0,在售,over-ear,动圈40mm,录音监听,32,96,unknown,80,True,42,50,54,52.0,62.4,-10.4,45.6,True,3.0,3.0,1,5128,medium,measured,medium,5128,暖调（5128 实测）：中低频鼓包，下中频略厚，高频整体偏暗但呈锯齿状，5.7 kHz 有窄峰,B&K 5128 实测为暖调入门监听，与冷静中性的口碑相反；高频锯齿、左右声道有差异，佩戴也差，属中下水准。,Earphones Archive 的 B&K 5128 曲线（L/R 平均），对照 bk5128_df，并按偏好口径换算,1,reports/ultrasone-pro-480i.html
shure-srh750dj,114,Shure,SRH750DJ,149.0,在售,over-ear,动圈50mm,DJ,32,106,dB/mW,71.8,False,50,62,62,62.0,63.7,-1.7,55.4,True,2.46,2.46,1,hms,high,measured,medium,raw,低频有劲（随密封变化大）、中频略前，6k 有凹陷，约 9k 有窄峰，听感偏亮,好推、隔音强的 DJ 封闭耳机，高频窄峰容易带出齿音，素质属于同价位中等。,两条 HMS II.3 旧曲线（Innerfidelity、Headphone.com Legacy）对比 Harman OE 2018，只取两者一致的中高频形态；低频两者矛盾，按区间处理；无 5128/GRAS,2,reports/shure-srh750dj.html
reloop-rhp-30,115,Reloop,RHP-30,149.0,停产,over-ear,动圈,DJ,40,102,dB/mW,56.2,False,28,52,61,56.5,63.7,-7.2,38.8,False,,,0,,medium,measured-image,low,image,低频鼓包明显（代理图约 +11 dB @100 Hz）的 DJ 娱乐调音，中频前段有小峰，高频粗糙不平、10 kHz 附近偏暗,做工扎实、好推、舒适的 DJ 耳机，听感讨喜，但低频过量、高频毛糙，不适合挑错；本机没有测量，只有 OEM 同源机 HM9 的代理图，置信度低,RHP-30 本身没有测量，仍以 Digital DJ Tips、DJWORX 的主观共识和官方规格为主。第四轮找到 OEM 同源机 Brainwavz HM9 的独立 DIY 耦合器频响图（hans030390，只有图片，未补偿）：低频比 1 kHz 高约 11 dB，高频在 3k 和 7k 处有峰、10k 附近凹陷，低频左右声道相差约 3 dB。据此下调三项分数：挑错度 30→28，音质 56→52，听歌适配 63→61。OEM 关系只有 Head-Fi 用户说法和规格比对作证，而两者灵敏度相差 2 dB，所以证据等级保持 consensus。,0,reports/reloop-rhp-30.html
superlux-hd671,116,Superlux,HD671,45.0,在售,over-ear,动圈,录音陪听,32,95,dB/mW,34.8,False,50,54,58,56.0,52.9,3.1,51.8,False,,,0,,low,measured-image,medium,image,偏暖的 V 型调音，中低频约 +7 dB 鼓包带桶声，7 kHz 有强共振峰，开阔感在同价位偏好,45 美元入门录音陪听耳机，好推、轻、够开阔，但低频失真、高频尖峰和较弱的隔音限制了它的监听价值,没有原始数值曲线；依据 DIY-Audio-Heaven 自制台架和 headphonecheck 的频响图（定性读图），加上评测共识,0,reports/superlux-hd671.html
akg-k72,117,AKG,K72,59.0,在售,over-ear,动圈40mm,入门陪听,32,112,dB/V,43.7,False,35,45,50,47.5,55.4,-7.9,39.5,True,6.74,6.74,1,gras45,low,measured,high,raw,中低频偏厚、2-3kHz 比 Harman 缺约 10dB、约 7kHz 有窄尖峰的暖闷型,极易推，但中频发闷、高频有刺，耳垫硬、隔音弱，既不适合当参考监听，听歌也一般,oratory1990 的 GRAS 45BC KEMAR 曲线（AutoEq），对照 Harman OE 2018 用 fr_analyze 重新分析，结论与上一轮一致；没有 5128 曲线,1,reports/akg-k72.html
oneodio-monitor-60,118,OneOdio,Monitor 60,69.0,在售,over-ear,动圈50mm,入门监听,38,110,dB/mW,81.9,False,60,45,52,48.5,56.8,-8.3,53.2,False,,,0,,medium,measured-image,medium,image,中低频饱满、低中频凹陷、7kHz 和 10kHz 以上多处尖峰的亮向 V 形,易推、配件足、佩戴轻，但高频尖峰容易疲劳，频响失衡，不适合当参考监听,第四轮深挖后仍没有任何台架曲线或可以查看的曲线图，分数沿用多家主观评测的共识（headphonecheck、HigherHz、Soundphile、Audio Masterclass），并参考了 Sound On Sound 和 audioreviews.org。日本站 audio-sound@premium 据摘要有经过自由声场补偿的测量，但站点返回 HTTP 500，未能核实，没有用来打分。深挖重校：三项分数维持 60/45/52 不变。,0,reports/oneodio-monitor-60.html
isk-hp-980,119,ISK,HP-980,79.0,在售,over-ear,动圈,录音监听,32,95,unknown,70,True,60,45,45,45.0,58.0,-13.0,53.2,False,,,0,,medium,proxy-measured,low,proxy,V 形偏亮：低频偏多，高频整体上扬并有多处尖峰（依据兄弟型号 HD-9999 的代理曲线）,仿 AKG K271 外形的百元封闭监听。本型号没有测量；按兄弟型号 HD-9999（薄耳垫）的代理曲线看是 V 形偏亮，高频刺，低频多，大音量下低频容易破音。佩戴舒适，证据仍然偏弱。,Filk（AutoEq）测的 iSK HD-9999 薄耳垫代理曲线，台架未注明，对比 harman_oe_2018；兄弟关系只有论坛证据,2,reports/isk-hp-980.html
m-audio-hdh50,120,M-Audio,HDH50,89.0,停产,over-ear,动圈,录音监听,16,,unknown,85,True,48,58,55,56.5,59.1,-2.6,52.5,False,,,0,,medium,consensus,low,none,中性偏平、低频延伸好、高频收敛不刺,做工扎实、好推的封闭监听，适合录音时跟踪监听，听歌偏干。第四轮深挖后仍然找不到任何测量数据，结论只能靠少量评测的共识。,没有任何原始曲线或独立测量图，沿用评测共识（MusicRadar、kopfhoerer.de、Head-Fi、Reddit）。第四轮新增的德语评测说存在感区偏收、中低频略浑，和原有判断一致，分数不变。,0,reports/m-audio-hdh50.html
direct-sound-ex-25-plus,121,Direct Sound,EX-25 Plus,99.0,在售,over-ear,动圈,鼓手隔音,32,117,dB/mW,100,False,50,55,52,53.5,60.0,-6.5,52.2,False,,,0,,very high,consensus,low,none,中性、低频略暖、顶端高频偏收（仅评测共识，无测量；4 篇里只有 Beatit 说偏亮）,为鼓手和大声量录音设计的强隔音监听耳机。调音中性略暖，顶端高频偏收，够用但缺少测量背书，不适合精细混音。,第四轮深挖仍未找到任何频响数值或测量图。打分依据是 4 篇主观评测（SOS、Beatit、kopfhoerer.de、CinemaSound）。其中 kopfhoerer.de 说中性、低频有延伸、顶端高频受限；CinemaSound 说旧版 EX29 在约 65 Hz 有低频鼓包、约 7.5 kHz 以上滚降。据此深挖重校：挑错度 55→50，听歌适配 50→52，音质保持 55。,0,reports/direct-sound-ex-25-plus.html
pioneer-dj-hdj-x5,122,Pioneer DJ,HDJ-X5,99.0,在售,over-ear,动圈40mm,DJ,32,102,unknown,85,True,25,52,58,55.0,60.0,-5.0,37.2,True,,,0,,medium,measured,medium,raw,暗暖 L 型/浅 V 型 DJ 调音：60–100 Hz 鼓包约 +8 dB（对 KEMAR DF），2–5 kHz 下凹 9–12 dB，4.8 kHz 窄凹陷，8 kHz 附近有相对峰，高频不平,耐用的入门 DJ 耳机，适合电子乐和嘻哈；测量显示 presence 段深凹、整体偏暗，人声和乐器发闷，不适合混音挑错。,"第四轮找到 listener.squig.link 的原始数值曲线（IEC 60318-4 耦合器 + 仿制 KB006x 耳廓，归""其他""台架；3L+3R 共 6 次佩戴平均）。与 KEMAR DF 及 harman_oe_2018 比较（fr_analyze 按 gras_43ag 近似）：暗声，lower_treble −9.1 dB。深挖重校 30/55/60→25/52/58。没有 5128 或 GRAS 交叉验证，6 kHz 以上仅供参考。",1,reports/pioneer-dj-hdj-x5.html
superlux-hd662,123,Superlux,HD662,35.0,在售,over-ear,动圈,录音陪听,32,98,dB/mW,46.8,False,58,50,55,52.5,50.7,1.8,54.4,False,,,0,,medium,proxy-measured,medium,proxy,中频大体中性、超低频明显衰减（对密封敏感），5.75k 附近有 +9.8 dB 窄峰，高频有尖峰也有深谷（依据同系列 HD662F 实测）,好推的入门级封闭耳机，适合录音陪听；有齿音风险，低频下潜受佩戴密封影响大，素质入门,oratory1990 的 HD662F（兄弟型号）原装耳垫曲线，GRAS 45BC KEMAR 对 Harman OE 2018；无 5128、无原版数据,2,reports/superlux-hd662.html
superlux-hd660,124,Superlux,HD660,45.0,在售,over-ear,动圈,录音陪听,150,96,dB/mW,19.6,False,70,55,50,52.5,52.9,-0.4,63.2,True,2.65,2.65,1,gras43,high,measured,medium,raw,明亮：中频准，6-10k 比目标高约 6.9 dB，6.8k/13k 有尖峰，低频略少（oratory1990 实测）,便宜、隔音好的亮向监听，适合挑齿音和录音陪听；高频粗糙，听歌需要 EQ,oratory1990 原版 HD660 曲线，GRAS 43AG 对 Harman OE 2018；无 5128 数据,2,reports/superlux-hd660.html
akg-k52,125,AKG,K52,49.0,在售,over-ear,动圈40mm,入门陪听,32,110,dB/V,35.0,False,33,52,62,57.0,53.7,3.3,41.6,True,5.8,5.8,1,gras45,medium,measured,high,raw,低频偏多、整体偏暖，2-3k 凹陷，4.2k 和 6.7k 有窄峰,便宜好推、适合随手听歌的暖声入门封闭耳机，不适合挑错,oratory1990 GRAS 45BC KEMAR 曲线对比 Harman OE 2018；Auriculares Argentina 711 仿制台架方向一致作佐证；无 5128,2,reports/akg-k52.html
superlux-hd688,126,Superlux,HD688,50.0,在售,over-ear,动圈,Hi-Fi兼监听,40,94,dB/mW,30.5,False,65,55,50,52.5,53.9,-1.4,60.5,False,,,0,,medium,measured-image,medium,image,中频平直，1.3-5k 明显凹陷，高频偏多、有齿音风险，超低频滚降，听感偏亮偏薄,价格便宜但高频偏亮、久听易累，偏挑错方向，中频判断不可靠,仅 DIY-Audio-Heaven 自制平板台架图表定性读图，无原始数值,0,reports/superlux-hd688.html
tascam-th-200x,127,Tascam,TH-200X,59.0,在售,over-ear,动圈,录音陪听,32,95,unknown,80,True,42,45,55,50.0,55.4,-5.4,43.4,True,,,0,,medium,measured,low,raw,暖、低频偏多：仿制 KB006x 台架上，中低频比 Harman 多约 7 dB，耳增益略少，4 kHz 有深谷，10 kHz 以上偏少且起伏大（和“低频偏瘦”的口碑相反）,平价录音陪听耳机，佩戴轻但夹力偏紧；唯一测量来自仿制台架，显示低频偏多、高频偏暗且不平，不适合混音校准，结论置信度低,Listener 仿制 KB006x 台架，L/R 各 3 次佩戴共 6 条的平均曲线（按 harman_oe_2018/gras_43ag 近似分析；没有 5128 或 GRAS 数据）,1,reports/tascam-th-200x.html
mackie-mc-150,128,Mackie,MC-150,69.0,在售,over-ear,动圈,入门陪听,32,100,dB/mW,53.0,False,62,55,55,55.0,56.8,-1.8,58.9,False,,,0,,medium,measured-image,medium,image,实测激进 U 型：低频偏肥，中频后退，5-7kHz 与 9kHz 以上抬升，偏亮、易齿音,推力轻、有活力，适合 tracking 和 DJ；高频偏尖、低频偏肥，不适合混音参考,没有原始数值曲线；依据 DIY-Audio-Heaven 平板台架测量图的定性解读和两篇主观评测，分数不变,0,reports/mackie-mc-150.html
presonus-eris-hd9,129,PreSonus,Eris HD9,69.0,在售,over-ear,动圈,入门陪听,40,98,dB/mW,43.8,False,42,55,60,57.5,56.8,0.7,47.9,False,,,0,,medium,measured-image,low,image,暖色轻V：80–100Hz中低频宽峰，中频大体平直，2–4k下陷，4.5k与10k有尖峰，12k以上陡降,适合低价录音跟踪的暖色入门封闭耳机，不适合混音；高频有尖峰且缺少空气感；只有一张非标准台架的独立测量图，置信度偏低,第四轮深挖找到叉烧网作者自测的频响图（手机FFT应用，台架不明、未补偿，只有图片）。图上的定性特征与主观共识（MajorHiFi / HigherHz / kopfhoerer.de）一致，三项分数不变；没有从图上读取数值。,0,reports/presonus-eris-hd9.html
reloop-rhp-20,130,Reloop,RHP-20,99.0,在售,over-ear,动圈,DJ,25,100,dB/mW,56.4,False,28,50,58,54.0,60.0,-6.0,37.9,False,,,0,,medium,consensus,low,none,低频浓厚、高频偏暗的DJ调音，清晰度一般,做工扎实、佩戴舒适的DJ耳机，偏整体讨喜听感，不适合挑错；深挖后仍无任何测量,第四轮深挖（squig 全索引、OEM 溯源、多语种、说明书与存档）仍然没有找到任何原始曲线、图片测量或厂商频响图，所以沿用 DJWORX、Head-Fi、DJBooth 的主观共识，再加上 kakaku 用户评测（低频偏浑、高频不清晰，与共识一致）。分数不变：28 / 50 / 58。,0,reports/reloop-rhp-20.html
superlux-hd661,131,Superlux,HD661,35.0,在售,on-ear,动圈,录音陪听,68,102,dB/mW,49.0,False,72,52,47,49.5,50.7,-1.2,63.0,False,,,0,,medium,measured-image,medium,image,亮向轻V、约5kHz与约10kHz高频尖峰明显、人声靠前、低频量中等且中低频偏薄的贴耳封闭监听,适合排练室和录音时跟听的廉价亮声贴耳监听；高频尖峰明显、容易疲劳，素质一般、戴久了夹耳；没有可复核的数值曲线，只有一张台架不明的频响图作佐证,没有任何数值曲线（无5128/GRAS）；以Headfonics/Headfonia主观评测为主，hporz博客台架不明的频响图片作定性佐证；第四轮新增一张厂商折页频响图（只有图片，与MDR-7506叠加，台架未注明），显示中低频凹陷和约8kHz的强峰，方向和已有证据一致，分数不变；因为新增的只是厂商图，证据等级保持consensus,0,reports/superlux-hd661.html
superlux-hd662b,132,Superlux,HD662B,35.0,在售,over-ear,动圈,录音陪听,32,98,dB/mW,46.8,False,60,52,55,53.5,50.7,2.8,56.4,False,,,0,,high,proxy-measured,low,proxy,隔音好、中高频偏亮、偶有齿音，低频量感说法有冲突的廉价封闭监听,适合棚内跟听的高隔音廉价耳罩机，高频偶尔刺，“低频加强”没有得到证实，不宜用作混音参考,没有本型号或 5128 曲线；依据用户共识，加上 HD662F 代理曲线（oratory1990 GRAS，对比 Harman OE 2018：亮向，5.7k 和 12.6k 有尖峰）作为先验，分数不变,1,reports/superlux-hd662b.html
shure-srh240a,133,Shure,SRH240A,49.0,在售,over-ear,动圈40mm,入门陪听,38,107,dB/mW,72.5,False,50,45,45,45.0,53.7,-8.7,47.8,False,,,0,,low,proxy-measured,medium,proxy,低频偏少、约 1kHz 中频靠前、上中频凹陷、10kHz 有峰，中频略带喊叫感,素质平平的入门封闭耳机，手机就能推，陪听尚可，不适合混音或认真听歌,RTINGS HMS II.3 的 SRH240 曲线（fr_analyze 对比 harman_oe_2018），Headphone.com Legacy 曲线和 Crinacle SRH240A 的 EQ 参数作佐证；没有 5128 数据，分数不变,2,reports/shure-srh240a.html
superlux-hd330pro,134,Superlux,HD330PRO,59.0,在售,over-ear,动圈,陪听,32,93,unknown,39.2,True,65,50,48,49.0,55.4,-6.4,58.2,False,,,0,,low,measured-image,medium,image,半开放；低频偏少，1-6kHz 凹陷，高频上扬偏尖,便宜的半开放监听耳机，可用来挑细节；低频薄、高频尖，听歌需 EQ 或换耳垫；榜单标成封闭式有误,没有原始数值曲线；依据 DAH 平板台架读图和两篇评测，分数不变,0,reports/superlux-hd330pro.html
fostex-th-7,135,Fostex,TH-7,59.0,在售,over-ear,动圈,入门陪听,70,98,dB/mW,36.2,False,52,58,60,59.0,55.4,3.6,54.7,False,,,0,,medium,measured-image,medium,image,中性偏暖、中频靠前，40 Hz 以下明显滚降，2–3 kHz 凹陷，约 5 kHz 有一个尖峰,便宜、手机能推的入门陪听封闭耳机；低频下潜弱，5 kHz 有尖峰，不宜当混音参考,Crinacle GRAS 43AG-7 曲线的 PNG 读图（无原始数值），分数不变,0,reports/fostex-th-7.html
behringer-bh480,136,Behringer,BH480,59.0,在售,over-ear,动圈,录音陪听,32,100,unknown,85,True,35,45,55,50.0,55.4,-5.4,39.5,False,,,0,,medium,prior-only,low,none,证据不足；先验推测为低频偏多的消费级讨喜调音（有用户称开降噪后高频不足）,5128/GRAS 库、squig 站点、RTINGS、RAA 和 DIY-Audio-Heaven 都没有任何测量。本款按 BH480NC 蓝牙降噪头戴处理，更适合通勤，不适合录音监听，结论仅为先验,没有任何原始曲线，沿用先验和零星用户评价，分数不变,0,reports/behringer-bh480.html
samson-sr950,137,Samson,SR950,59.0,在售,over-ear,动圈,录音陪听,32,96,dB/mW,39.2,False,42,55,60,57.5,55.4,2.1,47.9,False,,,0,,medium,measured-image,medium,image,低频加重（80 Hz 以下约 +5 dB 平台），中频平直，7–15 kHz 宽抬升约 +4 dB，属温和 V 型（共识，厂商图佐证）,好推的入门封闭耳机，适合录音时陪听，但低频控制一般、夹头；只有厂商频响图，没有独立测量背书，不宜当混音参考。,没有独立的原始曲线，分数依据评测共识。第四轮找到 Samson 官方说明书第 6 页的厂商频响图（台架未注明，平滑处理过）：低频平台约 +5 dB，中频平直，7–15 kHz 约 +4 dB，支持温和 V 型的共识，但厂商图不能作为调分依据，所以分数不变（42/55/60）。,0,reports/samson-sr950.html
isk-hp-960b,138,ISK,HP-960B,59.0,在售,over-ear,动圈,录音陪听,32,105,unknown,80,True,45,45,50,47.5,55.4,-7.9,45.0,False,,,0,,medium,prior-only,low,none,厂商称低频饱满，推测是低频偏重的大众化调音（先验，无测量）,音量大、好推的平价直播/K歌监听耳机。再次深挖后仍然没有任何测量和独立评测，素质与调音都无法验证。,没有任何原始曲线，按厂商文案和超低价国产监听耳机的先验打分，分数不变。,0,reports/isk-hp-960b.html
audio-technica-ath-m20xbt,139,Audio-Technica,ATH-M20xBT,79.0,在售,over-ear,动圈40mm,蓝牙监听,36,100,dB/mW,51.4,False,38,55,62,58.5,58.0,0.5,45.7,False,,,0,,medium,proxy-measured,medium,proxy,中频为主，超低频下潜不足（约-5~-6 dB），低高频段凹陷、约7-8.6 kHz有窄峰（有线版 M20x 两条测量作代理，GRAS 与 HMS 一致），整体偏暗,便宜、轻、续航约 60 小时的蓝牙版 M20x，适合日常随手听；低频下潜不足、高频不平，不适合挑错监听,本机无原始数据；以有线 ATH-M20x 的 oratory1990 GRAS 45BC KEMAR 曲线（对 Harman OE 2018）为代理，RTINGS HMS II.3 曲线佐证，二者一致；无 5128,2,reports/audio-technica-ath-m20xbt.html
audio-technica-ath-pro5x,140,Audio-Technica,ATH-PRO5X,99.0,在售,over-ear,动圈40mm,DJ,34,100,dB/mW,52.2,False,33,55,62,58.5,60.0,-1.5,42.9,False,,,0,,medium,proxy-measured,low,proxy,DJ 取向：低频饱满有控制，高频清晰，中频略退（仅来自评测共识，无测量）,结实、好推、功率余量大的 DJ 封闭耳机，低频讨喜，适合 DJ 和流行电子乐听歌，不适合挑错参考,PRO5X 本体没有任何曲线（5128、GRAS 和其他台架都没有），打分沿用 headphonecheck、Head-Fi、Frieve 的评测共识。第四轮只找到 elrics 的改装前代 ATH-PRO5 数值曲线（711 仿制耦合器 + KB50xx 耳廓），低频反而偏少，与共识相反，判定不具代表性，没有用于打分。三项分数不变。,1,reports/audio-technica-ath-pro5x.html
shure-srh550dj,141,Shure,SRH550DJ,99.0,停产,on-ear,动圈50mm,DJ,32,109,dB/mW,81.1,False,45,58,57,57.5,60.0,-2.5,50.9,False,,,0,,medium,measured-image,low,image,临场感强、中频偏亮的轻 V 形：GRAS 测量显示低频没有明显加重，2–3 kHz 突出，高频不尖,百元级 DJ/日常耳机，清晰度同价位不错，但 2–3 kHz 抬升听久了容易累；贴耳式佩戴，做工单薄，大音量时会失真，不适合挑错监听,没有原始数值曲线。第四轮用浏览器直接读到 Sound & Vision 原文（GRAS 43AG + Clio FW），确认了频响的文字描述：低频没有 DJ 式加重，2–3 kHz 明显突出，左右低频差异来自左耳罩密封不好。原文还给出 100 dB 下 THD 约 0.9%，300 Hz–10 kHz 灵敏度 103.7 dB @0.179 V。原文里的曲线图片已经丢失，看不到图，所以证据等级仍是 consensus。DJ-PRODUCER 的测量（台架未注明）和主观共识作补充。三项评分都不变。,0,reports/shure-srh550dj.html
oneodio-studio-max-2,142,OneOdio,Studio Max 2,189.99,在售,over-ear,动圈,无线低延迟监听,34,98,unknown,90,True,62,55,50,52.5,65.8,-13.3,58.9,False,,,0,,unknown,proxy-measured,low,proxy,评测两极，偏亮一派稍占多数：说高频冲、低频少、声音薄的较多，也有说均衡偏暖、细节多的（可能与 EQ 模式有关）,卖点是 9 ms 无线低延迟监听；音色失准存在争议，通常需要 EQ，戴久了头顶会痛，听歌适配一般,第四轮深挖仍未找到 Studio Max 2 的任何测量（数值或图片都没有）。只找到上一代 Studio Max 1 的两份爱好者原始曲线（jaytiss、joycesreview，架型未知），但 Max 2 换了单元（50→45 mm）、阻抗、灵敏度，并由 KSHMR 重新调音，不能当代理，未用于打分。分数仍依据主观评测共识（偏亮与偏暖两派分歧），62/55/50 不变。,2,reports/oneodio-studio-max-2.html
superlux-hd562,143,Superlux,HD562,25.0,在售,on-ear,动圈,DJ,70,99,dB/mW,39.3,False,48,48,45,46.5,47.7,-1.2,48.0,False,,,0,,medium,measured-image,medium,image,中频上扬偏薄、低频轻微隆起、高频收敛且13kHz以上滚降,25 美元的 HD 25 仿品：人声清楚、不累耳，但 5 kHz 有振铃、高频延伸不足、夹得紧，只够入门 DJ 或陪听用。,未找到原始数值曲线；依据 DIY-Audio-Heaven 非标准平板台架截图定性判断加主观共识，分数不变,0,reports/superlux-hd562.html
behringer-bh470,144,Behringer,BH470,49.0,在售,over-ear,动圈,录音陪听,32,107,dB/mW,74.9,False,20,38,50,44.0,53.7,-9.7,28.1,False,,,0,,medium,measured-image,medium,image,暗、厚、低频浑，2-5kHz 深凹，高频偏软,很好推、戴着舒适，但测量上低频过量、presence 区深凹、低频失真偏高，不适合监听挑错，只适合随手听暖声。,未找到原始数值曲线；依据 DIY-Audio-Heaven 非标准平板台架截图（频响/失真/阻抗）定性判断，加 headphonecheck 与用户评价，分数不变,0,reports/behringer-bh470.html
superlux-hd330,145,Superlux,HD330,55.0,在售,over-ear,动圈,欣赏向/陪听,150,96,dB/mW,19.6,False,45,56,62,59.0,54.7,4.3,50.0,True,,,0,,low,measured,medium,raw,半开放暖厚 U/V 形：80-500Hz 上低频/下中频鼓包约 +6~8dB，1.2-5k 临场感凹陷约 -9~-12dB，6-8k 窄亮峰，14k 以上滚降,低价半开放监听耳机，解析力超出售价、佩戴舒适。人声偏厚偏远，6-8k 窄峰容易带出齿音，隔音弱，不算真正的封闭式。,RAA HDM-X 的 L/R 汇总曲线（从页面 canvas 矢量坐标解码）与 RAA 自家目标的差值，DAH 图片佐证；无 5128/GRAS 数据,1,reports/superlux-hd330.html
takstar-hd-2000,146,Takstar,HD 2000,39.0,在售,over-ear,动圈,入门陪听,32,101,dB/mW,56.1,False,55,48,48,48.0,51.7,-3.7,51.9,False,,,0,,medium,consensus,low,none,大体中性偏薄：低频偏少、中频顺、高频清亮,约 39 美元的入门封闭监听，好推，调音中性偏薄，素质和做工只算价位内合格；四轮深挖都没有找到任何测量曲线。,第四轮深挖仍然没有找到任何原始数值或测量图，贴牌型号 LD Systems HP700 和 Invotone HD2000 也没有曲线。打分继续用评测共识和规格先验，55/48/48 不变。,0,reports/takstar-hd-2000.html
yamaha-hph-100,147,Yamaha,HPH-100,49.0,在售,over-ear,动圈,入门陪练,46,103,dB/mW,57.5,False,30,50,55,52.5,53.7,-1.2,39.0,False,,,0,,medium,prior-only,low,none,据少量评价为平衡略暖、低频有存在感、高频不累耳的陪练调音（无测量）,轻便好推的练琴耳机，没有任何公开测量，素质与风格只能低置信度推断，不适合挑错,没有任何原始曲线（5128/GRAS/其他台架都没有），按入门贴耳式的先验打分，并参考少量用户评价,0,reports/yamaha-hph-100.html
roland-rh-5,148,Roland,RH-5,49.0,在售,over-ear,动圈,电子乐器陪练,32,92,dB/mW,21.8,False,30,45,48,46.5,53.7,-7.2,36.8,False,,,0,,low,measured-image,medium,image,低频偏厚发闷、中频凹陷发罩、临场感不足的暖声,测量显示低频毛糙、左右不一致、中频凹陷，4.8k 处失真可闻，隔音弱；用于电子乐器陪练尚可，挑错和听歌都不理想,未找到原始数值数据；依据 DIY-Audio-Heaven 非标准台架的图文定性读图，加主观评测,0,reports/roland-rh-5.html
mackie-mc-100,149,Mackie,MC-100,49.0,在售,over-ear,动圈,入门陪听,32,99.9,dB/mW,52.7,False,30,50,62,56.0,53.7,2.3,39.0,True,,,0,,medium,measured,medium,raw,中低频鼓包、2–5 kHz 明显凹陷、高频起伏的暖向讨喜型入门封闭耳机,轻巧舒适、手机易推，适合轻松陪听；存在感频段凹陷、7 kHz 有尖峰，高频不平整，不适合挑错监听。,"RAA 报告页的 canvas 绘图脚本里有矢量坐标，按脚本内的坐标轴刻度确定性换算成 HDM-X L+R 频响，共 250 点，精度约 0.03 dB，不是从位图估读。相对 RAA 目标：中低频 +4~8 dB，1.5–5 kHz 为 -3~-12 dB，7 kHz 有尖峰，10 kHz 有凹陷。fr_analyze（harman_oe_2018，按 GRAS 近似）的结论是""低频猛""，倾斜 -7.4 dB。HDM-X 不是 5128/GRAS，所以高频段的绝对偏差要打折看。测量结果证实 headphonecheck 的主观结论。音质 52→50，原因是高频不平整。",1,reports/mackie-mc-100.html
tascam-th-07,150,Tascam,TH-07,49.0,在售,over-ear,动圈,入门陪听,37,,unknown,88,True,45,48,55,51.5,53.7,-2.2,46.4,True,3.77,3.77,1,gras45,medium,measured,medium,raw,低频过量（比Harman多约5dB）、中频贴合、5kHz附近尖峰带齿音的V型倾向,外形似M50x，但ASR原始数据显示低频比Harman高约5dB、5k处尖峰明显、中高频失真偏高，属平庸入门款，不推荐用于监听。,ASR GRAS 45C 原始CSV（L/R平均）经 fr_analyze 对比 Harman OE 2018；无5128数据,1,reports/tascam-th-07.html
m-audio-hdh40,151,M-Audio,HDH40,49.0,在售,over-ear,动圈,入门陪听,32,95,unknown,85,True,28,40,45,42.5,53.7,-11.2,33.4,False,,,0,,medium,measured-image,low,image,重低频/中低频（代理约+10 dB）、1-4 kHz 凹陷、4.5 kHz 深谷、高频峰谷毛糙的暗浑调音,便宜好推的录音返听耳机，但原装偏浑偏闷、高频粗糙，不适合混音挑错；结论依据贴牌兄弟 fun generation HP5 的测量图（代理，仅图）,DIY-Audio-Heaven 的 fun generation HP5（原文称即 M-Audio HDH40 / Rane RH-1）频响与失真图，台架未注明，仅图无数值；评测共识作补充,0,reports/m-audio-hdh40.html
oneodio-pro-50,152,OneOdio,Pro-50,50.0,在售,over-ear,动圈50mm,入门陪听,32,110,unknown,88,True,35,43,50,46.5,53.9,-7.4,38.6,True,,,0,,low,measured,medium,raw,中低频过量(约+8dB)、3kHz与8kHz偏亮、10-13kHz凹陷的V形重低音娱乐调音,重低音娱乐/DJ向，中低频掩蔽中频，上中频和8kHz的峰易疲劳，不适合混音挑错；佩戴轻舒适,第四轮深挖：在 MusiCafé squig 头戴库找到原始数值（L/R 各4次重戴平均，台架未公开，推测为711仿制加耳廓，非5128/GRAS）；对照 harman_oe_2018、按 gras_43ag 近似分析：中低频+8.1dB，3k +5.5dB，8.4k +6.6dB，13k -12dB。hatena HATS 图片与主观共识交叉印证。深挖重校：33/45/52→35/43/50,1,reports/oneodio-pro-50.html
marantz-pro-mph-2,153,Marantz Pro,MPH-2,59.0,在售,over-ear,动圈,入门陪听,32,98.8,dB/mW,49.3,False,45,52,62,57.0,55.4,1.6,48.2,False,,,0,,unknown,measured-image,medium,image,偏暖 V 形：低频比 Harman 高 3~6 dB，6kHz 附近约 9 dB 尖峰，10kHz 凹陷,舒适、好推的入门封闭耳罩，听歌够用，但不适合当挑错参考,无 5128/GRAS 原始数值；沿用 RAA HDM-X 图表的定性解读（Frieve 转述），分数不变,0,reports/marantz-pro-mph-2.html
pioneer-dj-hdj-cue1,154,Pioneer DJ,HDJ-CUE1,69.0,在售,over-ear,动圈40mm,DJ,32,104,unknown,88,True,33,54,58,56.0,56.8,-0.8,42.5,False,,,0,,medium,proxy-measured,medium,proxy,低频猛、偏暖：低频比 Harman 高约 5 dB，4-6kHz 偏少，7-8kHz 有窄峰,讨喜、好推的入门 DJ 贴耳式耳机，低频冲击足但不准，戴久了有压迫感,RTINGS HMS II.3 的 BT 版曲线对 Harman OE 2018（fr_analyze 重跑结果与上轮一致）；无 5128/GRAS 数值,1,reports/pioneer-dj-hdj-cue1.html
vic-firth-sih2,155,Vic Firth,SIH2,79.0,在售,over-ear,动圈,鼓手隔音,32,102,dB/mW,59.3,False,48,44,38,41.0,58.0,-17.0,46.2,False,,,0,,high,measured-image,low,image,100Hz有鼓包、50Hz以下快速滚降，中频略凹，5-7kHz有约+10dB窄峰，10kHz以上骤降的起伏型实用监听调音,鼓手练习用高隔音耳机，底鼓有冲击，但超低频不足、5-7kHz有尖峰，夹力大、闷汗，不适合混音或长时间听歌,"第四轮找到 Sonarworks Reference 4 的""SIH2 Wired Average""校准档截图（独立测量，私有台架，多样机平均，画的是相对 Sonarworks 目标的偏差，仅图片，没有数值）；再加上 headphonecheck 文字和论坛主观反馈作旁证。深挖重校：挑错度 40→48（5-7kHz 约+10dB 峰），音质 48→44（曲线起伏大、超低频不足），听歌适配 42→38（高频尖峰易疲劳，加上夹力大）",0,reports/vic-firth-sih2.html
alesis-drp100,156,Alesis,DRP100,89.0,在售,over-ear,动圈,鼓手隔音,32,,unknown,85,True,35,42,40,41.0,59.1,-18.1,38.2,False,,,0,,high,prior-only,low,none,为电子鼓刻意染色的功能性调音，宣称低频紧实，但用户对低频量感评价两极,便宜耐用的电子鼓练习隔音耳机，没有测量支撑，夹力大，不适合混音和听歌,没有任何原始曲线，依据厂商描述和用户/SoundGuys 的主观共识，分数不变,0,reports/alesis-drp100.html
monoprice-modern-retro,157,Monoprice,Modern Retro,30.0,在售,over-ear,动圈,入门陪听,32,94,unknown,90,True,28,52,60,56.0,49.3,6.7,38.8,True,5.33,5.33,1,gras45,medium,measured,medium,raw,低频猛、暖向下倾（相对 Harman OE 2018 的低频再高约 +8 dB，中高频整体收敛，5-6.5k 有窄峰）,好推的 30 美元低频娱乐耳机，不适合挑错监听,oratory1990 原装耳垫 GRAS 45BC KEMAR 曲线（AutoEq），对比 Harman OE 2018；没有 5128 数据,2,reports/monoprice-modern-retro.html
tascam-th-05,158,Tascam,TH-05,35.0,在售,over-ear,动圈,入门陪听,32,95,unknown,88,True,32,45,52,48.5,50.7,-2.2,37.9,False,,,0,,unknown,prior-only,low,none,先验：官方宣传增强低频，用户反馈偏闷、高频不足（无测量）,没有找到可信测量，按先验是入门级暖向陪听耳机，置信度低,无任何原始或图片测量，按官方文案与零售页少量用户反馈的先验打分，分数不变,0,reports/tascam-th-05.html
isk-mdh9000,159,ISK,MDH9000,39.0,在售,over-ear,动圈,入门陪听,32,100,unknown,85,True,38,48,55,51.5,51.7,-0.2,42.5,False,,,0,,unknown,measured-image,low,image,低频很多的 L/V 形：200 Hz 以下抬升约 10 dB，中频偏凹，约 6 kHz 有 +9–10 dB 的窄峰，15 kHz 以上滚降（依据贴牌兄弟 Marantz MPH-2 的 RAA 图，定性判断）,39 美元的入门封闭耳机，低频量足、好推，适合轻松听流行和电子；6 kHz 的尖峰可能刺耳，不适合混音挑错。本型号没有原始数值测量，只有贴牌兄弟型号的代理图，证据薄弱。,没有 5128 或 GRAS 数值。主要依据 RAA HDM-X 台架上贴牌兄弟 Marantz MPH-2 的频响图（定性读取，未保存数值），再用评测共识补充,0,reports/isk-mdh9000.html
marantz-pro-mph-1,160,Marantz Pro,MPH-1,49.0,在售,over-ear,动圈,入门陪听,32,99.5,dB/mW,51.5,False,30,48,55,51.5,53.7,-2.2,38.1,False,,,0,,unknown,measured-image,medium,image,实测中低频略厚、超低频滚降，约 4.3kHz 有深凹陷，临场频段和高频都比目标低，整体偏暖偏暗、听感松弛,入门级封闭耳机，偏暗、松弛、好推，适合录音返送或随便听，不适合挑错混音。,RAA HDM-X 频响图读图（没有原始数值，没有 5128/GRAS 数据）,0,reports/marantz-pro-mph-1.html
oneodio-pro-10,161,OneOdio,Pro-10,35.0,在售,over-ear,动圈50mm,入门陪听/DJ,32,110,unknown,88,True,30,38,48,43.0,50.7,-7.7,33.6,True,,,0,,medium,measured,low,raw,低频猛、偏暖：60–500 Hz 高出约 5 dB，中低频偏厚；1–3 kHz 略退；约 6 kHz 有窄尖峰，前后是凹陷（DIY 711 台架，单声道）,好推、低频讨喜的平价 DJ 陪听耳机。中低频偏厚，6 kHz 尖峰可能带齿音，不适合挑错。只有一条 DIY 台架单声道曲线，置信度低。,SupOrSalad 的 R 声道曲线（DIY IEC 711 仿制耦合器 + KB50xx 仿制耳廓），按 harman_oe_2018 分析；没有 5128 或 GRAS 曲线,1,reports/oneodio-pro-10.html
alesis-srp100,162,Alesis,SRP100,39.0,在售,over-ear,动圈,入门陪听,32,,unknown,80,True,50,42,45,43.5,51.7,-8.2,46.4,False,,,0,,medium,consensus,low,none,标称录音室参考，低频不轰；评测在'平直'与'高频偏亮'之间有分歧（无测量）,佩戴舒适、好推的入门封闭耳机，调音证据相互矛盾，素质普通；四轮深挖（含 squig 全量索引、OEM 溯源、多语种、存档）仍无测量，证据不足，置信度低。,没有任何原始曲线或测量图（包括厂商图）；第四轮深挖也没有新测量，沿用主观共识和先验，分数不变,0,reports/alesis-srp100.html
zoom-zhp-1,163,Zoom,ZHP-1,40.0,在售,over-ear,动圈,入门陪听,68,97,dB/mW,33.4,False,50,55,58,56.5,51.9,4.6,52.2,False,,,0,,medium,measured-image,medium,image,低频贴合目标、低中频略凹、5-6k 抬峰的近中性封闭监听,好推的入门录音/跟录监听耳机，低频扎实，高频有锯齿峰，佩戴评价存疑,没有原始数值曲线；仍依据 RAA HDM-X 截图读图（对比 RAA v1 目标），分数不变,0,reports/zoom-zhp-1.html
superlux-hd631,164,Superlux,HD631,45.0,在售,over-ear,动圈,DJ,40,115.5,dB/V,54.7,False,33,55,58,56.5,52.9,3.6,42.9,False,,,0,,high,measured-image,medium,image,低中频偏厚、presence 收敛、6-7k 深凹的偏暖暗 DJ 调音,便宜好推、隔音好、节奏感强的 DJ 耳机，不适合挑错，夹紧力大影响长时间佩戴,没有原始数值曲线；仍依据 RAA HDM-X 截图读图（对比 RAA v1 目标）加 Headfonics 主观评测，分数不变,0,reports/superlux-hd631.html
tascam-th-02,165,Tascam,TH-02,25.0,在售,over-ear,动圈,入门陪听,32,98,unknown,85,True,35,42,50,46.0,47.7,-1.7,38.2,True,5.65,5.65,1,hms,low,measured,medium,raw,暗色暖向：低频量感中性偏少、中低频略厚，3–5kHz深坑，8kHz窄峰,入门陪听级暗声封闭耳机，不准但不累，佩戴和隔音一般，不适合挑错,RTINGS HMS II.3 曲线（经 AutoEq），对照 Harman OE 2018 仅作参考；没有 5128 或 GRAS 数据,1,reports/tascam-th-02.html
monoprice-8323,166,Monoprice,8323,25.0,在售,over-ear,动圈,入门陪听,40,100,unknown,85,True,38,45,52,48.5,47.7,0.8,41.2,True,4.55,4.55,1,hms,unknown,measured,medium,raw,偏暗松弛：超低频滚降、中频自然、存在感收敛，9–10kHz有尖峰,老牌廉价陪听耳机，听感轻松，但高频有峰、做工廉价，不适合挑错,Innerfidelity HMS II.3 曲线（经 AutoEq），对照 Harman OE 2018 仅作参考；没有 5128 或 GRAS 数据,1,reports/monoprice-8323.html
superlux-hd685,167,Superlux,HD685,40.0,在售,over-ear,动圈,欣赏向,68,102,dB/mW,49.0,False,30,50,55,52.5,51.9,0.6,39.0,False,,,0,,medium,measured-image,medium,image,低频量大而发轰，人声靠前，高频柔和但12kHz以上延伸不足，整体偏暖偏暗,"讨喜但素质一般的廉价封闭耳机，适合随便听，不适合挑错 / Boomy, dark budget closed-back for casual listening, not monitoring",没有原始数值曲线，打分依据 DIY-Audio-Heaven 非标准平板台架的截图和 CSD 图，定性判断；本轮分数不变,0,reports/superlux-hd685.html
lyxpro-has-30,168,LyxPro,HAS-30,40.0,在售,over-ear,动圈,入门陪听,32,100,unknown,85,True,38,42,52,47.0,51.9,-4.9,39.8,False,,,0,,medium,measured-image,low,image,低频明显偏多（兄弟型号实测比 1kHz 高约 12 dB，比 Harman 多 3–6 dB），3–5k 深谷，6k 附近有尖峰，属于 V 形讨喜调音；失真低（依据兄弟型号 MPH-2 / MDH9000 的测量图）,"ISK MDH9000 族群的贴牌款：好推、低频重、6k 有峰，适合入门陪听，不适合监听挑错 / Rebadged ISK MDH9000-family can: easy to drive, bass-heavy with a 6k peak; fine for casual listening, not for critical monitoring",没有本机曲线，也没有任何数值。依据是同款族群（ISK MDH9000 / Marantz MPH-2 / Akai Project 50X / Freeboss；Head-Fi、Reddit、YouTube 都指认为同款，MPH-2 的规格与本机一致）的两张独立测量图：RAA 的 MPH-2（HDM-X 台架，Frieve 转述为相对 Harman 低频多 3–6 dB、6k 峰约 +9 dB、10k 谷约 -6 dB）和 iXBT 的 MDH9000（B&K 4153，低频约 +12 dB、4k 谷约 -17 dB、6–7k 与 11k 有峰），再加评测共识。深挖重校：35/45/55 → 38/42/52,0,reports/lyxpro-has-30.html
samson-sr450,169,Samson,SR450,39.0,在售,on-ear,动圈,入门陪听,32,110,unknown,88,True,42,45,48,46.5,51.7,-5.2,43.4,False,,,0,,medium,prior-only,low,none,据唯一评测，调音大体平衡、不刺激；贴耳式封闭，低频量感受贴合影响（无测量）,40 美元级的贴耳式封闭入门耳机，好推、结实，但没有测量，佩戴评价偏负面，只适合陪听,没有任何原始曲线（包括 5128 曲线），靠 Techaeris 一篇主观评测和价位先验打分，分数不变,0,reports/samson-sr450.html
yamaha-hph-50,170,Yamaha,HPH-50,29.0,在售,over-ear,动圈,入门陪练,35,103,unknown,82,True,40,42,45,43.5,49.0,-5.5,40.9,False,,,0,,low,prior-only,low,none,官方称低高频平衡；部分用户认为偏薄、音量偏小（无测量）,29 美元的电钢琴配套级轻便封闭耳机，适合练琴陪练，不适合严肃听音或混音,没有任何原始曲线（5128、GRAS 及其他台架都没有），依据厂商说法、零售评论和价位先验；分数不变,0,reports/yamaha-hph-50.html
superlux-hd581,171,Superlux,HD581,30.0,在售,on-ear,动圈,欣赏向,70,103,dB/mW,51.8,False,35,38,45,41.5,49.3,-7.8,36.4,False,,,0,,unknown,measured-image,low,image,低频抬升、2-6k 收敛、8k 小峰、13k 以上陡降，饱满而清楚的讨喜取向,好推的随身贴耳入门耳机，但失真峰、密封问题和高频延伸不足都限制了素质，不适合挑错,没有原始数值曲线，打分依据 DIYAH 预量产样机在 DIY 台架上的截图，定性读图；本轮分数不变,0,reports/superlux-hd581.html
superlux-hd440,172,Superlux,HD440,30.0,在售,over-ear,动圈,欣赏向,150,96,dB/mW,19.6,False,48,45,45,45.0,49.3,-4.3,46.7,False,,,0,,medium,measured-image,low,image,"唯一一份实测（个人入耳麦克风，只有图片）：80 Hz 以下滚降，400 Hz 有凹陷，中频平直，约 7 kHz 有峰；整体偏中性略亮，低频量感很依赖密封，与厂方""轰鸣低频""的宣传相反",30 美元的廉价封闭耳机，实测并不偏重低频，中频平直，佩戴难以贴合，低频会随之变薄；隔音中等；可以入门听歌，不适合严格监听,第四轮找到 Head-Fi 用户 hekeli 在 2014 年用 Smyth Realiser 入耳麦克风做的独立频响图和隔音图（只有图片，未补偿，L/R 平均，同图有 HD800 作参照），按图做定性判读，没有从图上读数。据此重校：挑错度 38→48（中频平直、缺超低频，不是讨喜调音），音质 42→45，听歌适配 48→45（低频偏少、难以贴合）。这不是标准台架，也只有一个样本，所以置信度仍为 low。,0,reports/superlux-hd440.html
superlux-hd651,173,Superlux,HD651,30.0,在售,over-ear,动圈,欣赏向,32,98,unknown,85,True,55,42,40,41.0,49.3,-8.3,49.2,True,4.19,4.19,1,gras43,medium,measured,medium,raw,实测低频缺量，3k/4.8k 有尖峰，10k 以上暗：一副参差不平、偏中频的调音,便宜的封闭式耳机，实测低频不像传言那样多。中高频尖峰带来一定挑错感，但两端延伸都差，素质入门，夹力又紧，不适合久听。,唯一的原始曲线是 oratory1990 的 GRAS 43AG 曲线，对比 Harman OE 2018；没有 5128 数据，分数不变,1,reports/superlux-hd651.html
superlux-hd572-572a,174,Superlux,HD572/572A,25.0,在售,on-ear,动圈,欣赏向,24,102,dB/mW,63.2,False,45,38,45,41.5,47.7,-6.2,41.9,False,,,0,,low,measured-image,low,image,据称低频有力、中高频偏亮的入门贴耳式耳机，没有直接测量,轻便好推，适合随手听，但素质入门，而且 A 版是半开放结构、隔音弱，不适合严谨监听。,没有任何原始曲线（包括 5128 和 GRAS），分数沿用先验、口碑和同族 HD572-SP 的测量图,0,reports/superlux-hd572-572a.html
samson-sr350,175,Samson,SR350,25.0,在售,over-ear,动圈35mm,入门陪听,32,110,unknown,88,True,33,33,42,37.5,47.7,-10.2,33.0,False,,,0,,unknown,consensus,low,none,温和偏钝的消费级调音，评价两极，有人说低频发闷、声音被压缩,轻便舒适的廉价封闭耳机，适合入门随便听或录音跟轨，没有测量支撑，不能当监听参考,没有任何原始曲线（5128/GRAS/其他均无），也没有厂商频响图；第四轮深挖（squig 全量索引、OEM 溯源、多语种检索、存档/图片检索）仍然是零测量，分数沿用零售评论共识加价位先验，不变,0,reports/samson-sr350.html
behringer-hps3000,176,Behringer,HPS3000,25.0,在售,over-ear,动圈,入门陪听,64,110,unknown,78,True,62,35,35,35.0,47.7,-12.7,49.9,False,,,0,,low,consensus,low,none,偏亮偏薄，低频不足，中高频突出，解析和定位粗糙,亮而粗糙的入门封闭耳机，可当人声检查的副监听，听歌和混音都勉强,第四轮深挖（squig 全量索引、贴牌溯源、多语种、存档、上一代）仍然没有找到任何原始曲线或频响图，沿用主观共识。俄文 DNS 评测的摘要说频率平衡、隔音好，与其他评测冲突，只看到摘要，权重低，所以 62/35/35 不变。,0,reports/behringer-hps3000.html
nady-qh-200,177,Nady,QH-200,25.0,在售,over-ear,动圈,入门陪听,32,105,dB/mW,68.6,False,40,33,36,34.5,47.7,-13.2,36.9,False,,,0,,unknown,prior-only,low,none,证据不足；先验为同价位消费向、偏厚的封闭调音,25 美元级入门陪听耳机，扩大检索后仍无任何测量或系统评测，只能凭先验判断为够用但素质有限，不适合混音,无任何原始曲线（含 5128/GRAS），沿用规格与同价位先验，分数不变,0,reports/nady-qh-200.html
behringer-hpm1000,178,Behringer,HPM1000,20.0,在售,over-ear,动圈,入门陪听,32,105,dB/mW,68.6,False,38,30,30,30.0,45.7,-15.7,34.4,False,,,0,,unknown,consensus,low,none,多数评测认为偏暖偏暗、中频发空、细节不足，低频有一定冲击力；个别评测称其为畸形 V 型、声场有纵深,20 美元级入门耳机，四轮深挖都没找到公开测量，调音不忠实，只适合随手听，不能当监听,第四轮深挖仍未找到任何独立频响测量（数值和图片都没有）。Sonarworks 有闭源的校准档案，但拿不到。评分沿用锚点（音质 30、听歌 30）；挑错度由 42 调到 38，因为新增 kopfhoerer.de 和 djitz 两篇评测后，四篇里有三篇说高频偏暗、细节不足,0,reports/behringer-hpm1000.html
